commit,date
"8dd1aa8539060a511d0f85779ae2c8019162f567","1651254264"
"655b9c748578ca57b169541e993db23409984270","1651503294"
"b2efed9ab5befc225dbead8e5ec03b3380cdde8a","1651504378"
"7fe51f2b166e115b595ec43ad195ee1291b0ca5c","1651594586"
"289e8ceb79ae06547dcf6616176b229b1a0bf901","1651605417"
"d0f3f9a24ff7815c4b46e9b61e85d84f81d2dfb2","1651679541"
"a41e6b4bf04535ac6e527dd12a9b825df7d5b63a","1651686559"
"11367a9d66cf217bbb69bdac86b8298b72e2d78a","1652360611"
"8db43fcd91345ef528463c289e471f0fccda0892","1652453459"
"9e62c543f2daabd603688b9e082512e360906eab","1652706999"
"0a33b30aeeb05e85e2cfb3d3d2e405350150dc4b","1652707524"
"fc7c47dd24daa1d993346e0d7c936af0a0af14d8","1652794822"
"244a9e442484016c76a4fe6d62519e9de72c6a9d","1652795562"
"d38b89a1a7955711feb436764f37b93cc56a05a5","1652795513"
"ef8f65d1d69dc3c17900381ef3818f871b0b6155","1652799301"
"0fdc9cb91ceb9248fc0beea4475a9cc3ab09fe6c","1652805124"
"1bdc49e75a01533f53c71237fa39cf5751daba02","1652895201"
"b004af5234d4fff7ff765c1e7f5b1fcf8b4c1ce7","1652895328"
"d4fd2b56e480edd4b4e2895e42cab41facb31152","1652897111"
"c9886b1a75d8737f1466189b123861f80d9e45e3","1652917793"
"cd650c7453d1ba1b318a388d3f46b4deb7303b71","1652920839"
"f2c7691970aafd1efa67e7d5825824720af2ca68","1652922178"
"02ac25c2ce77e71cb61c67b2a7a889a6c70eeace","1652926596"
"9cf703688f6a282c85dae99b4c54c8a1182613ed","1652927443"
"109de4fd5289d23a23e04dc5008ea7fbed135903","1653064558"
"47b04ceee9fe4d4c6885be72be3c6f865da66694","1653064581"
"83555d8836d1a35c0000b7f54b86524a1c048ca4","1653352682"
"c671c89b23e01b66c7e7b2dcc0996632b8137fff","1653392302"
"33992ead70788907bd57d947d3eebb62f280eea2","1653409488"
"120b27f3fb44329153d1ff6884a568a6f00b7704","1653409538"
"d3fe94b3860fb834577a29285b6898f1c812b435","1653411050"
"173bc5f571bc5c9ab20f9f95a79479900af1ae53","1653416221"
"b65bc822e80fd4fd2e96440d85545283c2cde7f9","1653531396"
"396f9622905ad595ff34cbf717d7a2ee8d87c2e5","1653658178"
"10d43460b59ce5edef33ff4a588b8457baa30690","1653712679"
"5cbbdc50ce0d2798f25cd8e2370b7a091b413717","1654020456"
"4cd297b737c3f9e804cf87fcf9904ea336549c52","1654100219"
"1eadb235ea9498768d46f400982781d91294d6b9","1654285211"
"6befe045e2e504d6b54704f4fd8ab6e8279f95b0","1654389953"
"047a415c2f01a3be9e6e7c4cd7fea322e5c445b2","1654516303"
"423edffb53d4008fab319edd22222e40d5d6a155","1654516445"
"113e16c573ba7332bc27bb12c870a9b652e219bc","1654516503"
"4afc9e46a3240d8fde31925443e1e528a4b2b982","1654525177"
"5e9ae873621e63c4770dca26b79743835d71236d","1654542625"
"a5c9f4146d2249052afd7cfed63e13b6fd1c538e","1654606745"
"a6f6f39d8d89f0725d8c19a7c79a3a004e32d83a","1654814868"
"5b68669e050c408de7c7cadbca2019f628da08be","1654869185"
"e363d801900b1b3f92f96be061c76ac690ddb3b9","1654882203"
"3732463d21a88cd090748c6f33b6d163fba7ce3e","1655141474"
"feb68308f6bc996cea8ccc5f8e9f5ced6904fec6","1655202594"
"40d9b8f15b5b257092b846438864e12cd0b3c98f","1655210270"
"55394b6ecb2a26f66cb122653dd2f8550afd6ee9","1655306058"
"7961c5c2ed57ac0c0b07a3921cce23459bb226a0","1655374523"
"7ad470c849a0243f86efd6c78d968fcd15e0b672","1655485240"
"b3fb4bee7a2cb9ad320be82290f4493050183ebf","1655826057"
"ec4b89c5c41ba523cb5f0e0e06e7150cb894d3a7","1655844901"
"f211cb21427a7493f5d2b615599860cfc6746148","1655844929"
"64bfde65984d3b0df39d46258993c38ea366f9bb","1656609637"
"c224d28d8fa883fab70289ddc85b5c287a35a5f4","1657112541"
"0b165bea9c628fff59b4dfc65d997e5d88e7419b","1657112528"
"d1577c1368685d619e88544b107719cb8c788052","1657185007"
"69a1541ec4b0179f287c2fc8980e384e8292b247","1657280125"
"8e5e04e27bcaca401526b354c7ae977115f1bb9f","1657280115"
"8d021045b04f6b5643259d5373020776536dc4cf","1657279999"
"f5b4702ffe7f32afe20f7df7741ad4a69305e52b","1657298256"
"f1b7278c289ccb22576b6c3a723a81f122ad505a","1657310521"
"6cad975116cc6eb42242f3c6746dd1b75021f997","1658332156"
"577c236034972bdb0ea4e9b54bfb8624efeee3e0","1658335107"
"075a51f10f85cfca4b3baf3f06916780846d0241","1658420335"
"7e01adafd6983b7048db556a739c69101d3e25ed","1658429274"
"21fb7b28932598d3cc5015dc341f10f4cef1c1ca","1658861460"
"2dadbe59073d18eca475f4d3bb19d25fa5907872","1659004117"
"58e74d5af7747b1550c7330e984e2eb3adcee34e","1659103273"
"fa40a402dfd2a61212bcd7c49c85bb239ffb4b19","1659438832"
"362aa6285a97f9d5d8f645b58611407b0a92c567","1659541669"
"0fd5779307365cbab092894bbca0959c9eb59835","1659619125"
"c41233a2ecba5ee99a87fb7668b940a02d73f643","1660053152"
"8dad901a2640caf6053b5aa43760da37c79c9593","1660055044"
"696df7d7d3fdd2c2b30cfd748e1afd02fe5ecff5","1660220992"
"aebb79561f29b6102c5e171ac551bfc14bf8e490","1660235593"
"d17f0a2654228f982a1eefb7cbf6c21afa668e95","1660269615"
"9b0a925709e4b7504e2ce2f0976f43fcbe3492ef","1660307929"
"997c8838caf218d9d2880d269b5ad1f1ded87615","1660324449"
"73ea801ca875e673879b21db9f6fd667a399d360","1660328059"
"733ec7c912f659ad687274cd8412cad95b8aa869","1660683797"
"4e94369b7b84476445e73baee1a1f7c6e12f0a8e","1660760367"
"313079097cb32d5389bfca502a19c676792b5598","1661200998"
"7fb5256923bcafe48831c1bda5b6c992c855acb5","1661204795"
"82981e0082083464220f01e0fc074265b1aa2164","1661276515"
"cc956b912e42b9eb3834230f5af020234ec588bc","1661278081"
"c1e4f7c33c4bfe18025a5f025417cdbda9a643c7","1661286928"
"177166728616e2ff99ae42f285de3ec019782afd","1661379089"
"878e390d6e2a5f8401669dff1fc0a9c8ee2d4da2","1661379118"
"aaeabce05ac6f79feecc1ee003963246cdb46560","1661445380"
"3a45f071db0de139676bd3ffedeaec813a5dd5f8","1661447833"
"ed977c24545a9210555f42d6178e75ca5c02cc62","1661449179"
"73da2b5b9ee09c1d11b893b10d55a84ce8045d6d","1661468505"
"55f7fddeabba6271594918f4d4d91f785dced461","1661510049"
"eba4254f2d9fc2b00908756700060564bcf39ab2","1661510508"
"52ac06dad141692723570c235c325c00b76f963d","1661549304"
"70aa34ea1aeb0796e3e4d764bb0973c7fead0904","1661766921"
"9507fee9e308c8774cfc40867c561d61f47dd2e8","1661852685"
"2f71dd34799ba7d3881ebfab15ac9da0d1ee13cf","1661861583"
"1af03c8ae5d716ea9fd5ee9cd9a4cc840e013d5e","1661938553"
"12309f33fec06b0668045fdcb895402d75157e1b","1661984638"
"e26bfc99da6b4cca5fd3d41a9b996788544281bc","1662062217"
"6a575ec13501fab44e50a34ce7b0f308e642b177","1662113011"
"0b764e88493119ce449b6e8ab164de155d10de68","1662135026"
"8ac1a7bc87849eec7daefb3a296f9b0f255ed96e","1662453435"
"7e752455c5f5c1286a3c41b813907c1023dfbb9a","1662474341"
"69738853843886ec4e23b97bdb6f4ded6f1f8c11","1662494916"
"14a308e6f65fb72a91afa9f09363d3a6b1953125","1662551187"
"34595d138f3948c307eac1d7bd56e5422b438a08","1662554514"
"fb30eab48631cdc57f5ff5bb8367d53c7b9412f1","1662582050"
"6c9f9376affef9c0405290c4ea5ce9e4f7f4d280","1662655225"
"e01cabbbe194808b2d1be582560c33bb719ea7f6","1662998866"
"c1ab5e352f8abf9f159a3d44a83981a147e01958","1663060143"
"127f13ad06714f2718370881d183ae16f866a2d3","1663060704"
"01dcc453654e34993f60fcd2390128ebf8a3d18e","1663084871"
"b431c3bfcbcbfb21d7373448398fc1ea9ec9d122","1663148389"
"470dc641b22e97c019468c839736e74866f8db88","1663158524"
"6233ae0a07f73670fce11fd2f565dc1931c1916d","1663355394"
"515000b178e58bd0af88772cfbb1ed37c22b7890","1663576717"
"fb2bfea924e3f458e414072461386c3dc9907a34","1663599270"
"8292fbbd42a5f883c8b97351685eed5bdbae23f8","1663599542"
"702073000cb07a6974628e6f847ac0d92ee8728b","1663604619"
"cc890cb343b429a0e259208624c80245a4a1ec0f","1663767608"
"3a862aced321b59a6216c165856088d1242074b9","1663842999"
"d73f60dd359de6b0a06a706afc7429ee1a11bc7d","1663868046"
"001ca540a92a23ba381dee82bd6f984f6a43e253","1663932539"
"10f28d1a6e0e3dbc8a87143bf2b4cafd77343892","1663937256"
"9d80d1b43f01f086e54f6469cbcabb4fa2467940","1663955517"
"f74521cea447ad8e6b2acf4fdd993c6144621028","1664127782"
"9024dcde0f98ae7ffa6954201033e2b255f36139","1664185723"
"64f92456a5e5bb33c7cc8253f705ba2814c05880","1664232198"
"a216b200702c25de7dc5dbddb2570d80e89de471","1664272956"
"210493158a26102973aae27436df86f23fa50454","1664283088"
"14616c2a50f3e578e5128a81c86ed3ed973ae47c","1664300435"
"ce30d2ff1cef07290c56441792d6f519092807d7","1664302616"
"ee72932fea3a749c98ad7c6325b53318af11de8d","1664371827"
"f6b93d77b5e359bbcc26579a042ddd749bc4ee6a","1664374730"
"e34eaf1f4bcaed705b0f2ff4be6cee3874b69927","1664375151"
"a489a83a738e29749eb01feb01de30ddf60cf03b","1664380534"
"08c2d42f22ae9eecf7270d6305ce19bd4c495797","1664459054"
"dfef51635df807a59b2cddc748fffe4872fa4575","1664469137"
"932975bb0ede3e1c1cf9612f30a467d244b5a2a8","1664816077"
"d9f66ff4b32d1f94dd472aacc6555fb8daafd05c","1665158819"
"798988391877f7ad5ce5fd10645ee68ac5adc699","1665395391"
"4dfac7cb31c38d2efdf6eda16c212514517ce235","1665412897"
"5a4c989f1ec360bef26a72eb8903dba2033bf182","1665415044"
"d2b338d08f412bc97bdde99c950a61573aec4e25","1665433600"
"2c49a7435644275525013aa3aefc483c8350e087","1665483802"
"42457c2f99500d6f63cd0062a6626b9a6e508a2a","1665483415"
"11cd017e9c43747e4e6c1fcd99617d11f6ef0f98","1665492766"
"47a4d19b016a9db50f12fd662a95c9d01ce6dce2","1665492814"
"4c9287768b4f9187cfbdd07e4837addb14961810","1665500487"
"c0c8342e36cd04719952f3727e6345bc7b24f38e","1665594591"
"fe6de8df3dafca930b9bf75a53b3f4f93552cecd","1665684179"
"d75b152d3e075ed720fb9907387c4768603156bc","1665755882"
"5145c5de40858d0e8e5e4c3a4d6f92b2211157da","1666031009"
"0430911f0169073856b567c2feef22708e197451","1666042255"
"ed2c9097d43dfa10fe19f7221615f62543617847","1666099592"
"b1acf4f9ecbdcdb1116c46b47d4a2ea7ec864d97","1666194658"
"8971db69060f0525a966a63b9584ee201d8be599","1666206319"
"6fbd20605aca7fd42856b01c09d90b71ecbfacd1","1666274699"
"eea5a225789cf39e267c808896944f36c8d43851","1666626708"
"27ea65e465a5e9eaf3530f38b55032cbd15fbeea","1666717978"
"6511eaf27789cda14d677318f13509fe5e3833cd","1666721803"
"390a0bba12dc6c72aa8c5d03a6956895439b804f","1667232035"
"282e4a2f8f1f71eb7ae35c33e3b15118ae4d8209","1667359475"
"40fb11adc3095825a32d8958423feaba6836502d","1667574918"
"c496b8272d8b8b05caa9310b74049b9e2c813610","1667790927"
"a6e0124a57c52e63bd6357b14fda5a01bd885417","1667833930"
"84bd04a63730aa279da3a8a22f7d62c9fa843c50","1667845611"
"e73c32b925272ab4b5db5858964508fc57836f0b","1667923407"
"1b9577a41bed70f77745ac05e52772fe1d4f6ca9","1668116752"
"19b16662150ac8a11a9cbc2df67e9f58169ce4ee","1668250769"
"b3fc2039aae0f4ba25ee3a8fd1ecc3e49b3de864","1668278034"
"10fb640c0d40f36ef69254cd64d0a871329358e2","1668425012"
"805e69ab5cf68abf074e9ff27e9e85f2ee2ebe0e","1668525842"
"e422d0e1427b6ba82c2ce86b53b4a8d0d0bdaa8a","1668620273"
"aab0db76619af95ac4a05f45b96b4d05d62b2e6c","1668627272"
"1c2734fff3fe3fb8f34aeadeb3803427285c63f7","1668708866"
"013752adac87ad488592894082990065d8507034","1668777369"
"55280043327fd3033731f4cd3fa564d9d66d1339","1668793300"
"038085abe4da477217bc62139ea39b90b9058f95","1668886991"
"a5db3e9b2f341ffba410932df530c469bc909295","1668955947"
