commit,benchmark,measure,value
"8dd1aa8539060a511d0f85779ae2c8019162f567","kernelregression","alloc","1389679880"
"8dd1aa8539060a511d0f85779ae2c8019162f567","kernelregression","time_rel","1.0031609844208624"
"8dd1aa8539060a511d0f85779ae2c8019162f567","kernelregression","alloc","1389685192"
"8dd1aa8539060a511d0f85779ae2c8019162f567","kernelregression","time_rel","0.9830966869506423"
"8dd1aa8539060a511d0f85779ae2c8019162f567","kernelregression","alloc","1389688576"
"8dd1aa8539060a511d0f85779ae2c8019162f567","kernelregression","time_rel","0.994956441999083"
"8dd1aa8539060a511d0f85779ae2c8019162f567","kernelregression","alloc","1389681392"
"8dd1aa8539060a511d0f85779ae2c8019162f567","kernelregression","time_rel","1.0093842984664685"
"8dd1aa8539060a511d0f85779ae2c8019162f567","kernelregression","alloc","1389685192"
"8dd1aa8539060a511d0f85779ae2c8019162f567","kernelregression","time_rel","0.9956351941189984"
"8dd1aa8539060a511d0f85779ae2c8019162f567","kernelregression","alloc","1389691768"
"8dd1aa8539060a511d0f85779ae2c8019162f567","kernelregression","time_rel","0.9951890034364261"
"8dd1aa8539060a511d0f85779ae2c8019162f567","kernelregression","alloc","1389685032"
"8dd1aa8539060a511d0f85779ae2c8019162f567","kernelregression","time_rel","1.0070711678832116"
"8dd1aa8539060a511d0f85779ae2c8019162f567","kernelregression","alloc","1389682160"
"8dd1aa8539060a511d0f85779ae2c8019162f567","kernelregression","time_rel","1.0274536719286202"
"8dd1aa8539060a511d0f85779ae2c8019162f567","kernelregression","alloc","1389678024"
"8dd1aa8539060a511d0f85779ae2c8019162f567","kernelregression","time_rel","0.9936622906292439"
"8dd1aa8539060a511d0f85779ae2c8019162f567","kernelregression","alloc","1389678904"
"8dd1aa8539060a511d0f85779ae2c8019162f567","kernelregression","time_rel","1.0099124020285846"
"8dd1aa8539060a511d0f85779ae2c8019162f567","psd","alloc","340734928"
"8dd1aa8539060a511d0f85779ae2c8019162f567","psd","time_rel","0.9954441913439637"
"8dd1aa8539060a511d0f85779ae2c8019162f567","psd","alloc","340723112"
"8dd1aa8539060a511d0f85779ae2c8019162f567","psd","time_rel","1.0072892938496583"
"8dd1aa8539060a511d0f85779ae2c8019162f567","psd","alloc","340731976"
"8dd1aa8539060a511d0f85779ae2c8019162f567","psd","time_rel","0.9950022716946841"
"8dd1aa8539060a511d0f85779ae2c8019162f567","psd","alloc","340733552"
"8dd1aa8539060a511d0f85779ae2c8019162f567","psd","time_rel","0.9894881170018281"
"8dd1aa8539060a511d0f85779ae2c8019162f567","psd","alloc","340731664"
"8dd1aa8539060a511d0f85779ae2c8019162f567","psd","time_rel","1.0"
"8dd1aa8539060a511d0f85779ae2c8019162f567","psd","alloc","340731616"
"8dd1aa8539060a511d0f85779ae2c8019162f567","psd","time_rel","1.0045998160073597"
"8dd1aa8539060a511d0f85779ae2c8019162f567","psd","alloc","340731976"
"8dd1aa8539060a511d0f85779ae2c8019162f567","psd","time_rel","0.9796564195298371"
"8dd1aa8539060a511d0f85779ae2c8019162f567","psd","alloc","340731000"
"8dd1aa8539060a511d0f85779ae2c8019162f567","psd","time_rel","0.9972887483054675"
"8dd1aa8539060a511d0f85779ae2c8019162f567","psd","alloc","340727320"
"8dd1aa8539060a511d0f85779ae2c8019162f567","psd","time_rel","1.000911577028259"
"8dd1aa8539060a511d0f85779ae2c8019162f567","psd","alloc","340733520"
"8dd1aa8539060a511d0f85779ae2c8019162f567","psd","time_rel","0.9945330296127562"
"8dd1aa8539060a511d0f85779ae2c8019162f567","fluidsim","alloc","1835478592"
"8dd1aa8539060a511d0f85779ae2c8019162f567","fluidsim","time_rel","0.9977297008547008"
"8dd1aa8539060a511d0f85779ae2c8019162f567","fluidsim","alloc","1835473128"
"8dd1aa8539060a511d0f85779ae2c8019162f567","fluidsim","time_rel","0.992345255378118"
"8dd1aa8539060a511d0f85779ae2c8019162f567","fluidsim","alloc","1835479016"
"8dd1aa8539060a511d0f85779ae2c8019162f567","fluidsim","time_rel","1.0166175288126509"
"8dd1aa8539060a511d0f85779ae2c8019162f567","fluidsim","alloc","1835479112"
"8dd1aa8539060a511d0f85779ae2c8019162f567","fluidsim","time_rel","0.9962401140930895"
"8dd1aa8539060a511d0f85779ae2c8019162f567","fluidsim","alloc","1835478792"
"8dd1aa8539060a511d0f85779ae2c8019162f567","fluidsim","time_rel","0.9913465320571654"
"8dd1aa8539060a511d0f85779ae2c8019162f567","fluidsim","alloc","1835484280"
"8dd1aa8539060a511d0f85779ae2c8019162f567","fluidsim","time_rel","0.9915711839852496"
"8dd1aa8539060a511d0f85779ae2c8019162f567","fluidsim","alloc","1835480928"
"8dd1aa8539060a511d0f85779ae2c8019162f567","fluidsim","time_rel","1.007057256990679"
"8dd1aa8539060a511d0f85779ae2c8019162f567","fluidsim","alloc","1835480088"
"8dd1aa8539060a511d0f85779ae2c8019162f567","fluidsim","time_rel","0.9946730589958717"
"8dd1aa8539060a511d0f85779ae2c8019162f567","fluidsim","alloc","1835474024"
"8dd1aa8539060a511d0f85779ae2c8019162f567","fluidsim","time_rel","1.0090969899665552"
"8dd1aa8539060a511d0f85779ae2c8019162f567","fluidsim","alloc","1835480808"
"8dd1aa8539060a511d0f85779ae2c8019162f567","fluidsim","time_rel","0.9988009592326139"
"8dd1aa8539060a511d0f85779ae2c8019162f567","regression","alloc","1226769600"
"8dd1aa8539060a511d0f85779ae2c8019162f567","regression","time_rel","0.9977347092876919"
"8dd1aa8539060a511d0f85779ae2c8019162f567","regression","alloc","1226761904"
"8dd1aa8539060a511d0f85779ae2c8019162f567","regression","time_rel","0.9139676113360324"
"8dd1aa8539060a511d0f85779ae2c8019162f567","regression","alloc","1226771448"
"8dd1aa8539060a511d0f85779ae2c8019162f567","regression","time_rel","1.006276675872458"
"8dd1aa8539060a511d0f85779ae2c8019162f567","regression","alloc","1226753648"
"8dd1aa8539060a511d0f85779ae2c8019162f567","regression","time_rel","1.0022550739163116"
"8dd1aa8539060a511d0f85779ae2c8019162f567","regression","alloc","1226771384"
"8dd1aa8539060a511d0f85779ae2c8019162f567","regression","time_rel","1.0022652907123082"
"8dd1aa8539060a511d0f85779ae2c8019162f567","regression","alloc","1226763008"
"8dd1aa8539060a511d0f85779ae2c8019162f567","regression","time_rel","0.9992383853769992"
"8dd1aa8539060a511d0f85779ae2c8019162f567","regression","alloc","1226768112"
"8dd1aa8539060a511d0f85779ae2c8019162f567","regression","time_rel","0.9913110145668286"
"8dd1aa8539060a511d0f85779ae2c8019162f567","regression","alloc","1226769024"
"8dd1aa8539060a511d0f85779ae2c8019162f567","regression","time_rel","0.9956454918032787"
"8dd1aa8539060a511d0f85779ae2c8019162f567","regression","alloc","1226761216"
"8dd1aa8539060a511d0f85779ae2c8019162f567","regression","time_rel","0.9971715093854462"
"8dd1aa8539060a511d0f85779ae2c8019162f567","regression","alloc","1226765376"
"8dd1aa8539060a511d0f85779ae2c8019162f567","regression","time_rel","1.0069948186528497"
"655b9c748578ca57b169541e993db23409984270","kernelregression","alloc","1297745656"
"655b9c748578ca57b169541e993db23409984270","kernelregression","time_rel","0.990802483329501"
"655b9c748578ca57b169541e993db23409984270","kernelregression","alloc","1297749464"
"655b9c748578ca57b169541e993db23409984270","kernelregression","time_rel","0.9974584103512014"
"655b9c748578ca57b169541e993db23409984270","kernelregression","alloc","1297756936"
"655b9c748578ca57b169541e993db23409984270","kernelregression","time_rel","0.9766651563207975"
"655b9c748578ca57b169541e993db23409984270","kernelregression","alloc","1297756136"
"655b9c748578ca57b169541e993db23409984270","kernelregression","time_rel","0.9873388581952116"
"655b9c748578ca57b169541e993db23409984270","kernelregression","alloc","1297746904"
"655b9c748578ca57b169541e993db23409984270","kernelregression","time_rel","0.9917638984214138"
"655b9c748578ca57b169541e993db23409984270","kernelregression","alloc","1297747208"
"655b9c748578ca57b169541e993db23409984270","kernelregression","time_rel","1.0027681660899654"
"655b9c748578ca57b169541e993db23409984270","kernelregression","alloc","1297747216"
"655b9c748578ca57b169541e993db23409984270","kernelregression","time_rel","0.9919391985260251"
"655b9c748578ca57b169541e993db23409984270","kernelregression","alloc","1297747152"
"655b9c748578ca57b169541e993db23409984270","kernelregression","time_rel","1.0109539023277043"
"655b9c748578ca57b169541e993db23409984270","kernelregression","alloc","1297746088"
"655b9c748578ca57b169541e993db23409984270","kernelregression","time_rel","0.9977355072463766"
"655b9c748578ca57b169541e993db23409984270","kernelregression","alloc","1297753304"
"655b9c748578ca57b169541e993db23409984270","kernelregression","time_rel","0.9923475129417061"
"655b9c748578ca57b169541e993db23409984270","psd","alloc","301800624"
"655b9c748578ca57b169541e993db23409984270","psd","time_rel","1.005966039467646"
"655b9c748578ca57b169541e993db23409984270","psd","alloc","301799624"
"655b9c748578ca57b169541e993db23409984270","psd","time_rel","0.9733994589720468"
"655b9c748578ca57b169541e993db23409984270","psd","alloc","301799600"
"655b9c748578ca57b169541e993db23409984270","psd","time_rel","1.0041455550437588"
"655b9c748578ca57b169541e993db23409984270","psd","alloc","301800488"
"655b9c748578ca57b169541e993db23409984270","psd","time_rel","0.9949471750114837"
"655b9c748578ca57b169541e993db23409984270","psd","alloc","301796176"
"655b9c748578ca57b169541e993db23409984270","psd","time_rel","1.005062126092959"
"655b9c748578ca57b169541e993db23409984270","psd","alloc","301799592"
"655b9c748578ca57b169541e993db23409984270","psd","time_rel","0.994956441999083"
"655b9c748578ca57b169541e993db23409984270","psd","alloc","301801480"
"655b9c748578ca57b169541e993db23409984270","psd","time_rel","0.9908550525834476"
"655b9c748578ca57b169541e993db23409984270","psd","alloc","301800488"
"655b9c748578ca57b169541e993db23409984270","psd","time_rel","0.9904197080291969"
"655b9c748578ca57b169541e993db23409984270","psd","alloc","301796160"
"655b9c748578ca57b169541e993db23409984270","psd","time_rel","0.9912563276576162"
"655b9c748578ca57b169541e993db23409984270","psd","alloc","301799592"
"655b9c748578ca57b169541e993db23409984270","psd","time_rel","0.994961062757673"
"655b9c748578ca57b169541e993db23409984270","fluidsim","alloc","1770913888"
"655b9c748578ca57b169541e993db23409984270","fluidsim","time_rel","0.9948165869218502"
"655b9c748578ca57b169541e993db23409984270","fluidsim","alloc","1770914664"
"655b9c748578ca57b169541e993db23409984270","fluidsim","time_rel","0.9878032786885246"
"655b9c748578ca57b169541e993db23409984270","fluidsim","alloc","1770913992"
"655b9c748578ca57b169541e993db23409984270","fluidsim","time_rel","1.005707459516857"
"655b9c748578ca57b169541e993db23409984270","fluidsim","alloc","1770927256"
"655b9c748578ca57b169541e993db23409984270","fluidsim","time_rel","0.9966084007304982"
"655b9c748578ca57b169541e993db23409984270","fluidsim","alloc","1770909296"
"655b9c748578ca57b169541e993db23409984270","fluidsim","time_rel","0.9969475779694758"
"655b9c748578ca57b169541e993db23409984270","fluidsim","alloc","1770913888"
"655b9c748578ca57b169541e993db23409984270","fluidsim","time_rel","0.9990621650589495"
"655b9c748578ca57b169541e993db23409984270","fluidsim","alloc","1770908440"
"655b9c748578ca57b169541e993db23409984270","fluidsim","time_rel","1.0013363624214888"
"655b9c748578ca57b169541e993db23409984270","fluidsim","alloc","1770909096"
"655b9c748578ca57b169541e993db23409984270","fluidsim","time_rel","0.987872396519905"
"655b9c748578ca57b169541e993db23409984270","fluidsim","alloc","1770914176"
"655b9c748578ca57b169541e993db23409984270","fluidsim","time_rel","1.0091743119266054"
"655b9c748578ca57b169541e993db23409984270","fluidsim","alloc","1770913880"
"655b9c748578ca57b169541e993db23409984270","fluidsim","time_rel","0.999601963646013"
"655b9c748578ca57b169541e993db23409984270","regression","alloc","1172239288"
"655b9c748578ca57b169541e993db23409984270","regression","time_rel","0.9927872230808862"
"655b9c748578ca57b169541e993db23409984270","regression","alloc","1172260952"
"655b9c748578ca57b169541e993db23409984270","regression","time_rel","1.008849557522124"
"655b9c748578ca57b169541e993db23409984270","regression","alloc","1172244360"
"655b9c748578ca57b169541e993db23409984270","regression","time_rel","0.9974246716456349"
"655b9c748578ca57b169541e993db23409984270","regression","alloc","1172260640"
"655b9c748578ca57b169541e993db23409984270","regression","time_rel","0.9883307965499746"
"655b9c748578ca57b169541e993db23409984270","regression","alloc","1172259440"
"655b9c748578ca57b169541e993db23409984270","regression","time_rel","0.9857397504456328"
"655b9c748578ca57b169541e993db23409984270","regression","alloc","1172260528"
"655b9c748578ca57b169541e993db23409984270","regression","time_rel","0.994908350305499"
"655b9c748578ca57b169541e993db23409984270","regression","alloc","1172258656"
"655b9c748578ca57b169541e993db23409984270","regression","time_rel","0.9968928016571724"
"655b9c748578ca57b169541e993db23409984270","regression","alloc","1172260048"
"655b9c748578ca57b169541e993db23409984270","regression","time_rel","0.9893184130213633"
"655b9c748578ca57b169541e993db23409984270","regression","alloc","1172259144"
"655b9c748578ca57b169541e993db23409984270","regression","time_rel","0.9651948051948053"
"655b9c748578ca57b169541e993db23409984270","regression","alloc","1172246096"
"655b9c748578ca57b169541e993db23409984270","regression","time_rel","1.000517330574237"
"b2efed9ab5befc225dbead8e5ec03b3380cdde8a","kernelregression","alloc","1273236952"
"b2efed9ab5befc225dbead8e5ec03b3380cdde8a","kernelregression","time_rel","1.000688547165481"
"b2efed9ab5befc225dbead8e5ec03b3380cdde8a","kernelregression","alloc","1273233616"
"b2efed9ab5befc225dbead8e5ec03b3380cdde8a","kernelregression","time_rel","0.9860794157918759"
"b2efed9ab5befc225dbead8e5ec03b3380cdde8a","kernelregression","alloc","1273233816"
"b2efed9ab5befc225dbead8e5ec03b3380cdde8a","kernelregression","time_rel","0.9909805735430158"
"b2efed9ab5befc225dbead8e5ec03b3380cdde8a","kernelregression","alloc","1273230192"
"b2efed9ab5befc225dbead8e5ec03b3380cdde8a","kernelregression","time_rel","0.996547756041427"
"b2efed9ab5befc225dbead8e5ec03b3380cdde8a","kernelregression","alloc","1273233352"
"b2efed9ab5befc225dbead8e5ec03b3380cdde8a","kernelregression","time_rel","0.975051031980041"
"b2efed9ab5befc225dbead8e5ec03b3380cdde8a","kernelregression","alloc","1273245568"
"b2efed9ab5befc225dbead8e5ec03b3380cdde8a","kernelregression","time_rel","0.989163015909615"
"b2efed9ab5befc225dbead8e5ec03b3380cdde8a","kernelregression","alloc","1273235112"
"b2efed9ab5befc225dbead8e5ec03b3380cdde8a","kernelregression","time_rel","0.9983811285846439"
"b2efed9ab5befc225dbead8e5ec03b3380cdde8a","kernelregression","alloc","1273239672"
"b2efed9ab5befc225dbead8e5ec03b3380cdde8a","kernelregression","time_rel","0.9995372512725591"
"b2efed9ab5befc225dbead8e5ec03b3380cdde8a","kernelregression","alloc","1273232424"
"b2efed9ab5befc225dbead8e5ec03b3380cdde8a","kernelregression","time_rel","0.9752272727272727"
"b2efed9ab5befc225dbead8e5ec03b3380cdde8a","kernelregression","alloc","1273238184"
"b2efed9ab5befc225dbead8e5ec03b3380cdde8a","kernelregression","time_rel","0.9940105966367196"
"b2efed9ab5befc225dbead8e5ec03b3380cdde8a","psd","alloc","293147584"
"b2efed9ab5befc225dbead8e5ec03b3380cdde8a","psd","time_rel","0.9926840420667581"
"b2efed9ab5befc225dbead8e5ec03b3380cdde8a","psd","alloc","293142440"
"b2efed9ab5befc225dbead8e5ec03b3380cdde8a","psd","time_rel","0.9863822060826147"
"b2efed9ab5befc225dbead8e5ec03b3380cdde8a","psd","alloc","293138392"
"b2efed9ab5befc225dbead8e5ec03b3380cdde8a","psd","time_rel","0.9876089949518129"
"b2efed9ab5befc225dbead8e5ec03b3380cdde8a","psd","alloc","293138480"
"b2efed9ab5befc225dbead8e5ec03b3380cdde8a","psd","time_rel","0.9818922589406971"
"b2efed9ab5befc225dbead8e5ec03b3380cdde8a","psd","alloc","293141864"
"b2efed9ab5befc225dbead8e5ec03b3380cdde8a","psd","time_rel","0.9981676591846084"
"b2efed9ab5befc225dbead8e5ec03b3380cdde8a","psd","alloc","293140208"
"b2efed9ab5befc225dbead8e5ec03b3380cdde8a","psd","time_rel","0.9981718464351006"
"b2efed9ab5befc225dbead8e5ec03b3380cdde8a","psd","alloc","293141944"
"b2efed9ab5befc225dbead8e5ec03b3380cdde8a","psd","time_rel","0.9908256880733944"
"b2efed9ab5befc225dbead8e5ec03b3380cdde8a","psd","alloc","293141888"
"b2efed9ab5befc225dbead8e5ec03b3380cdde8a","psd","time_rel","0.9972577696526507"
"b2efed9ab5befc225dbead8e5ec03b3380cdde8a","psd","alloc","293137136"
"b2efed9ab5befc225dbead8e5ec03b3380cdde8a","psd","time_rel","0.9819331526648599"
"b2efed9ab5befc225dbead8e5ec03b3380cdde8a","psd","alloc","293147736"
"b2efed9ab5befc225dbead8e5ec03b3380cdde8a","psd","time_rel","0.9849452554744524"
"b2efed9ab5befc225dbead8e5ec03b3380cdde8a","fluidsim","alloc","1743081240"
"b2efed9ab5befc225dbead8e5ec03b3380cdde8a","fluidsim","time_rel","0.9903498190591074"
"b2efed9ab5befc225dbead8e5ec03b3380cdde8a","fluidsim","alloc","1743089208"
"b2efed9ab5befc225dbead8e5ec03b3380cdde8a","fluidsim","time_rel","1.0101037316448875"
"b2efed9ab5befc225dbead8e5ec03b3380cdde8a","fluidsim","alloc","1743083608"
"b2efed9ab5befc225dbead8e5ec03b3380cdde8a","fluidsim","time_rel","1.0032154340836013"
"b2efed9ab5befc225dbead8e5ec03b3380cdde8a","fluidsim","alloc","1743083888"
"b2efed9ab5befc225dbead8e5ec03b3380cdde8a","fluidsim","time_rel","0.9905244895235552"
"b2efed9ab5befc225dbead8e5ec03b3380cdde8a","fluidsim","alloc","1743086168"
"b2efed9ab5befc225dbead8e5ec03b3380cdde8a","fluidsim","time_rel","0.9983847085745052"
"b2efed9ab5befc225dbead8e5ec03b3380cdde8a","fluidsim","alloc","1743081800"
"b2efed9ab5befc225dbead8e5ec03b3380cdde8a","fluidsim","time_rel","0.9808348647939091"
"b2efed9ab5befc225dbead8e5ec03b3380cdde8a","fluidsim","alloc","1743088752"
"b2efed9ab5befc225dbead8e5ec03b3380cdde8a","fluidsim","time_rel","1.000942380183091"
"b2efed9ab5befc225dbead8e5ec03b3380cdde8a","fluidsim","alloc","1743081880"
"b2efed9ab5befc225dbead8e5ec03b3380cdde8a","fluidsim","time_rel","0.9966970537719645"
"b2efed9ab5befc225dbead8e5ec03b3380cdde8a","fluidsim","alloc","1743080952"
"b2efed9ab5befc225dbead8e5ec03b3380cdde8a","fluidsim","time_rel","0.990843949044586"
"b2efed9ab5befc225dbead8e5ec03b3380cdde8a","fluidsim","alloc","1743086984"
"b2efed9ab5befc225dbead8e5ec03b3380cdde8a","fluidsim","time_rel","0.9883907125700561"
"b2efed9ab5befc225dbead8e5ec03b3380cdde8a","regression","alloc","1154193496"
"b2efed9ab5befc225dbead8e5ec03b3380cdde8a","regression","time_rel","1.0033889468196038"
"b2efed9ab5befc225dbead8e5ec03b3380cdde8a","regression","alloc","1154199544"
"b2efed9ab5befc225dbead8e5ec03b3380cdde8a","regression","time_rel","0.9899302865995352"
"b2efed9ab5befc225dbead8e5ec03b3380cdde8a","regression","alloc","1154193048"
"b2efed9ab5befc225dbead8e5ec03b3380cdde8a","regression","time_rel","0.9865875677069901"
"b2efed9ab5befc225dbead8e5ec03b3380cdde8a","regression","alloc","1154195224"
"b2efed9ab5befc225dbead8e5ec03b3380cdde8a","regression","time_rel","1.0031023784901758"
"b2efed9ab5befc225dbead8e5ec03b3380cdde8a","regression","alloc","1154199320"
"b2efed9ab5befc225dbead8e5ec03b3380cdde8a","regression","time_rel","0.9735570811085686"
"b2efed9ab5befc225dbead8e5ec03b3380cdde8a","regression","alloc","1154198824"
"b2efed9ab5befc225dbead8e5ec03b3380cdde8a","regression","time_rel","0.9992177314211212"
"b2efed9ab5befc225dbead8e5ec03b3380cdde8a","regression","alloc","1154198960"
"b2efed9ab5befc225dbead8e5ec03b3380cdde8a","regression","time_rel","1.0007790184367698"
"b2efed9ab5befc225dbead8e5ec03b3380cdde8a","regression","alloc","1154194912"
"b2efed9ab5befc225dbead8e5ec03b3380cdde8a","regression","time_rel","1.0051719679337987"
"b2efed9ab5befc225dbead8e5ec03b3380cdde8a","regression","alloc","1154202472"
"b2efed9ab5befc225dbead8e5ec03b3380cdde8a","regression","time_rel","1.0099294486542985"
"b2efed9ab5befc225dbead8e5ec03b3380cdde8a","regression","alloc","1154203048"
"b2efed9ab5befc225dbead8e5ec03b3380cdde8a","regression","time_rel","0.9832517392424633"
"7fe51f2b166e115b595ec43ad195ee1291b0ca5c","kernelregression","alloc","1263807776"
"7fe51f2b166e115b595ec43ad195ee1291b0ca5c","kernelregression","time_rel","0.991913123844732"
"7fe51f2b166e115b595ec43ad195ee1291b0ca5c","kernelregression","alloc","1263808120"
"7fe51f2b166e115b595ec43ad195ee1291b0ca5c","kernelregression","time_rel","0.9793577981651375"
"7fe51f2b166e115b595ec43ad195ee1291b0ca5c","kernelregression","alloc","1263808176"
"7fe51f2b166e115b595ec43ad195ee1291b0ca5c","kernelregression","time_rel","0.9789377289377288"
"7fe51f2b166e115b595ec43ad195ee1291b0ca5c","kernelregression","alloc","1263796080"
"7fe51f2b166e115b595ec43ad195ee1291b0ca5c","kernelregression","time_rel","0.9806807727690893"
"7fe51f2b166e115b595ec43ad195ee1291b0ca5c","kernelregression","alloc","1263793960"
"7fe51f2b166e115b595ec43ad195ee1291b0ca5c","kernelregression","time_rel","0.98046875"
"7fe51f2b166e115b595ec43ad195ee1291b0ca5c","kernelregression","alloc","1263803672"
"7fe51f2b166e115b595ec43ad195ee1291b0ca5c","kernelregression","time_rel","0.9776960220740399"
"7fe51f2b166e115b595ec43ad195ee1291b0ca5c","kernelregression","alloc","1263810352"
"7fe51f2b166e115b595ec43ad195ee1291b0ca5c","kernelregression","time_rel","0.985947938263073"
"7fe51f2b166e115b595ec43ad195ee1291b0ca5c","kernelregression","alloc","1263793312"
"7fe51f2b166e115b595ec43ad195ee1291b0ca5c","kernelregression","time_rel","0.9867216117216115"
"7fe51f2b166e115b595ec43ad195ee1291b0ca5c","kernelregression","alloc","1263796768"
"7fe51f2b166e115b595ec43ad195ee1291b0ca5c","kernelregression","time_rel","0.9817256534813785"
"7fe51f2b166e115b595ec43ad195ee1291b0ca5c","kernelregression","alloc","1263803136"
"7fe51f2b166e115b595ec43ad195ee1291b0ca5c","kernelregression","time_rel","0.9786697247706422"
"7fe51f2b166e115b595ec43ad195ee1291b0ca5c","psd","alloc","289972800"
"7fe51f2b166e115b595ec43ad195ee1291b0ca5c","psd","time_rel","0.9898477157360407"
"7fe51f2b166e115b595ec43ad195ee1291b0ca5c","psd","alloc","289969016"
"7fe51f2b166e115b595ec43ad195ee1291b0ca5c","psd","time_rel","0.9986232216613127"
"7fe51f2b166e115b595ec43ad195ee1291b0ca5c","psd","alloc","289965648"
"7fe51f2b166e115b595ec43ad195ee1291b0ca5c","psd","time_rel","0.9899313501144164"
"7fe51f2b166e115b595ec43ad195ee1291b0ca5c","psd","alloc","289967944"
"7fe51f2b166e115b595ec43ad195ee1291b0ca5c","psd","time_rel","0.9863013698630138"
"7fe51f2b166e115b595ec43ad195ee1291b0ca5c","psd","alloc","289962208"
"7fe51f2b166e115b595ec43ad195ee1291b0ca5c","psd","time_rel","0.9853345554537122"
"7fe51f2b166e115b595ec43ad195ee1291b0ca5c","psd","alloc","289962320"
"7fe51f2b166e115b595ec43ad195ee1291b0ca5c","psd","time_rel","0.988479262672811"
"7fe51f2b166e115b595ec43ad195ee1291b0ca5c","psd","alloc","289969784"
"7fe51f2b166e115b595ec43ad195ee1291b0ca5c","psd","time_rel","0.9830508474576272"
"7fe51f2b166e115b595ec43ad195ee1291b0ca5c","psd","alloc","289971680"
"7fe51f2b166e115b595ec43ad195ee1291b0ca5c","psd","time_rel","0.9857732905002295"
"7fe51f2b166e115b595ec43ad195ee1291b0ca5c","psd","alloc","289971776"
"7fe51f2b166e115b595ec43ad195ee1291b0ca5c","psd","time_rel","0.9904848210240146"
"7fe51f2b166e115b595ec43ad195ee1291b0ca5c","psd","alloc","289965600"
"7fe51f2b166e115b595ec43ad195ee1291b0ca5c","psd","time_rel","0.9794520547945206"
"7fe51f2b166e115b595ec43ad195ee1291b0ca5c","fluidsim","alloc","1698826808"
"7fe51f2b166e115b595ec43ad195ee1291b0ca5c","fluidsim","time_rel","0.9884563758389261"
"7fe51f2b166e115b595ec43ad195ee1291b0ca5c","fluidsim","alloc","1698825392"
"7fe51f2b166e115b595ec43ad195ee1291b0ca5c","fluidsim","time_rel","0.997319034852547"
"7fe51f2b166e115b595ec43ad195ee1291b0ca5c","fluidsim","alloc","1698823888"
"7fe51f2b166e115b595ec43ad195ee1291b0ca5c","fluidsim","time_rel","0.9891624297564892"
"7fe51f2b166e115b595ec43ad195ee1291b0ca5c","fluidsim","alloc","1698823768"
"7fe51f2b166e115b595ec43ad195ee1291b0ca5c","fluidsim","time_rel","0.9945644968845286"
"7fe51f2b166e115b595ec43ad195ee1291b0ca5c","fluidsim","alloc","1698823816"
"7fe51f2b166e115b595ec43ad195ee1291b0ca5c","fluidsim","time_rel","0.9840332751911981"
"7fe51f2b166e115b595ec43ad195ee1291b0ca5c","fluidsim","alloc","1698823728"
"7fe51f2b166e115b595ec43ad195ee1291b0ca5c","fluidsim","time_rel","0.9847389558232932"
"7fe51f2b166e115b595ec43ad195ee1291b0ca5c","fluidsim","alloc","1698821712"
"7fe51f2b166e115b595ec43ad195ee1291b0ca5c","fluidsim","time_rel","0.9864919085194597"
"7fe51f2b166e115b595ec43ad195ee1291b0ca5c","fluidsim","alloc","1698823768"
"7fe51f2b166e115b595ec43ad195ee1291b0ca5c","fluidsim","time_rel","1.0037308461025984"
"7fe51f2b166e115b595ec43ad195ee1291b0ca5c","fluidsim","alloc","1698829840"
"7fe51f2b166e115b595ec43ad195ee1291b0ca5c","fluidsim","time_rel","0.9889081919016438"
"7fe51f2b166e115b595ec43ad195ee1291b0ca5c","fluidsim","alloc","1698823768"
"7fe51f2b166e115b595ec43ad195ee1291b0ca5c","fluidsim","time_rel","0.9903131634819533"
"7fe51f2b166e115b595ec43ad195ee1291b0ca5c","regression","alloc","1142348144"
"7fe51f2b166e115b595ec43ad195ee1291b0ca5c","regression","time_rel","1.0031096138896087"
"7fe51f2b166e115b595ec43ad195ee1291b0ca5c","regression","alloc","1142358232"
"7fe51f2b166e115b595ec43ad195ee1291b0ca5c","regression","time_rel","0.9747747747747748"
"7fe51f2b166e115b595ec43ad195ee1291b0ca5c","regression","alloc","1142355112"
"7fe51f2b166e115b595ec43ad195ee1291b0ca5c","regression","time_rel","0.9862266112266113"
"7fe51f2b166e115b595ec43ad195ee1291b0ca5c","regression","alloc","1142356744"
"7fe51f2b166e115b595ec43ad195ee1291b0ca5c","regression","time_rel","0.9934912783129393"
"7fe51f2b166e115b595ec43ad195ee1291b0ca5c","regression","alloc","1142353304"
"7fe51f2b166e115b595ec43ad195ee1291b0ca5c","regression","time_rel","0.984110445428497"
"7fe51f2b166e115b595ec43ad195ee1291b0ca5c","regression","alloc","1142358512"
"7fe51f2b166e115b595ec43ad195ee1291b0ca5c","regression","time_rel","0.9808538163001292"
"7fe51f2b166e115b595ec43ad195ee1291b0ca5c","regression","alloc","1142358688"
"7fe51f2b166e115b595ec43ad195ee1291b0ca5c","regression","time_rel","0.9840082538044881"
"7fe51f2b166e115b595ec43ad195ee1291b0ca5c","regression","alloc","1142354968"
"7fe51f2b166e115b595ec43ad195ee1291b0ca5c","regression","time_rel","0.9914307971955336"
"7fe51f2b166e115b595ec43ad195ee1291b0ca5c","regression","alloc","1142354232"
"7fe51f2b166e115b595ec43ad195ee1291b0ca5c","regression","time_rel","0.9863648057627991"
"7fe51f2b166e115b595ec43ad195ee1291b0ca5c","regression","alloc","1142352920"
"7fe51f2b166e115b595ec43ad195ee1291b0ca5c","regression","time_rel","1.0054460580912863"
"289e8ceb79ae06547dcf6616176b229b1a0bf901","kernelregression","alloc","1263431784"
"289e8ceb79ae06547dcf6616176b229b1a0bf901","kernelregression","time_rel","0.9907599907599908"
"289e8ceb79ae06547dcf6616176b229b1a0bf901","kernelregression","alloc","1263426952"
"289e8ceb79ae06547dcf6616176b229b1a0bf901","kernelregression","time_rel","0.9889680533210756"
"289e8ceb79ae06547dcf6616176b229b1a0bf901","kernelregression","alloc","1263431608"
"289e8ceb79ae06547dcf6616176b229b1a0bf901","kernelregression","time_rel","0.9883909914093335"
"289e8ceb79ae06547dcf6616176b229b1a0bf901","kernelregression","alloc","1263427048"
"289e8ceb79ae06547dcf6616176b229b1a0bf901","kernelregression","time_rel","0.9847996315062184"
"289e8ceb79ae06547dcf6616176b229b1a0bf901","kernelregression","alloc","1263428160"
"289e8ceb79ae06547dcf6616176b229b1a0bf901","kernelregression","time_rel","0.9793557168784028"
"289e8ceb79ae06547dcf6616176b229b1a0bf901","kernelregression","alloc","1263427776"
"289e8ceb79ae06547dcf6616176b229b1a0bf901","kernelregression","time_rel","0.9956099815157116"
"289e8ceb79ae06547dcf6616176b229b1a0bf901","kernelregression","alloc","1263431808"
"289e8ceb79ae06547dcf6616176b229b1a0bf901","kernelregression","time_rel","0.9921622867680959"
"289e8ceb79ae06547dcf6616176b229b1a0bf901","kernelregression","alloc","1263430072"
"289e8ceb79ae06547dcf6616176b229b1a0bf901","kernelregression","time_rel","0.9754061371841155"
"289e8ceb79ae06547dcf6616176b229b1a0bf901","kernelregression","alloc","1263427024"
"289e8ceb79ae06547dcf6616176b229b1a0bf901","kernelregression","time_rel","0.986948694869487"
"289e8ceb79ae06547dcf6616176b229b1a0bf901","kernelregression","alloc","1263428392"
"289e8ceb79ae06547dcf6616176b229b1a0bf901","kernelregression","time_rel","0.9715456407921693"
"289e8ceb79ae06547dcf6616176b229b1a0bf901","psd","alloc","289942376"
"289e8ceb79ae06547dcf6616176b229b1a0bf901","psd","time_rel","0.9863698318945933"
"289e8ceb79ae06547dcf6616176b229b1a0bf901","psd","alloc","289951624"
"289e8ceb79ae06547dcf6616176b229b1a0bf901","psd","time_rel","0.9880897846999542"
"289e8ceb79ae06547dcf6616176b229b1a0bf901","psd","alloc","289942280"
"289e8ceb79ae06547dcf6616176b229b1a0bf901","psd","time_rel","0.9853479853479853"
"289e8ceb79ae06547dcf6616176b229b1a0bf901","psd","alloc","289946480"
"289e8ceb79ae06547dcf6616176b229b1a0bf901","psd","time_rel","0.9898850574712644"
"289e8ceb79ae06547dcf6616176b229b1a0bf901","psd","alloc","289942272"
"289e8ceb79ae06547dcf6616176b229b1a0bf901","psd","time_rel","0.9861878453038673"
"289e8ceb79ae06547dcf6616176b229b1a0bf901","psd","alloc","289942232"
"289e8ceb79ae06547dcf6616176b229b1a0bf901","psd","time_rel","0.984771573604061"
"289e8ceb79ae06547dcf6616176b229b1a0bf901","psd","alloc","289938776"
"289e8ceb79ae06547dcf6616176b229b1a0bf901","psd","time_rel","0.9867640346873574"
"289e8ceb79ae06547dcf6616176b229b1a0bf901","psd","alloc","289942592"
"289e8ceb79ae06547dcf6616176b229b1a0bf901","psd","time_rel","0.9848275862068966"
"289e8ceb79ae06547dcf6616176b229b1a0bf901","psd","alloc","289942048"
"289e8ceb79ae06547dcf6616176b229b1a0bf901","psd","time_rel","1.005459508644222"
"289e8ceb79ae06547dcf6616176b229b1a0bf901","psd","alloc","289948264"
"289e8ceb79ae06547dcf6616176b229b1a0bf901","psd","time_rel","0.9903802107191938"
"289e8ceb79ae06547dcf6616176b229b1a0bf901","fluidsim","alloc","1698425184"
"289e8ceb79ae06547dcf6616176b229b1a0bf901","fluidsim","time_rel","0.9860539248240139"
"289e8ceb79ae06547dcf6616176b229b1a0bf901","fluidsim","alloc","1698425040"
"289e8ceb79ae06547dcf6616176b229b1a0bf901","fluidsim","time_rel","0.9945333333333333"
"289e8ceb79ae06547dcf6616176b229b1a0bf901","fluidsim","alloc","1698425544"
"289e8ceb79ae06547dcf6616176b229b1a0bf901","fluidsim","time_rel","0.98825570532497"
"289e8ceb79ae06547dcf6616176b229b1a0bf901","fluidsim","alloc","1698430456"
"289e8ceb79ae06547dcf6616176b229b1a0bf901","fluidsim","time_rel","0.9866455110405924"
"289e8ceb79ae06547dcf6616176b229b1a0bf901","fluidsim","alloc","1698434520"
"289e8ceb79ae06547dcf6616176b229b1a0bf901","fluidsim","time_rel","0.9854483481908758"
"289e8ceb79ae06547dcf6616176b229b1a0bf901","fluidsim","alloc","1698433360"
"289e8ceb79ae06547dcf6616176b229b1a0bf901","fluidsim","time_rel","0.9994653835872761"
"289e8ceb79ae06547dcf6616176b229b1a0bf901","fluidsim","alloc","1698425504"
"289e8ceb79ae06547dcf6616176b229b1a0bf901","fluidsim","time_rel","0.9853645556146886"
"289e8ceb79ae06547dcf6616176b229b1a0bf901","fluidsim","alloc","1698425160"
"289e8ceb79ae06547dcf6616176b229b1a0bf901","fluidsim","time_rel","0.986474064346684"
"289e8ceb79ae06547dcf6616176b229b1a0bf901","fluidsim","alloc","1698424728"
"289e8ceb79ae06547dcf6616176b229b1a0bf901","fluidsim","time_rel","1.0009327115256494"
"289e8ceb79ae06547dcf6616176b229b1a0bf901","fluidsim","alloc","1698434336"
"289e8ceb79ae06547dcf6616176b229b1a0bf901","fluidsim","time_rel","0.9752066115702479"
"289e8ceb79ae06547dcf6616176b229b1a0bf901","regression","alloc","1142031720"
"289e8ceb79ae06547dcf6616176b229b1a0bf901","regression","time_rel","0.9818414322250639"
"289e8ceb79ae06547dcf6616176b229b1a0bf901","regression","alloc","1142034504"
"289e8ceb79ae06547dcf6616176b229b1a0bf901","regression","time_rel","0.9900535577658761"
"289e8ceb79ae06547dcf6616176b229b1a0bf901","regression","alloc","1142036184"
"289e8ceb79ae06547dcf6616176b229b1a0bf901","regression","time_rel","0.9844767150726088"
"289e8ceb79ae06547dcf6616176b229b1a0bf901","regression","alloc","1142037608"
"289e8ceb79ae06547dcf6616176b229b1a0bf901","regression","time_rel","0.9772382397572078"
"289e8ceb79ae06547dcf6616176b229b1a0bf901","regression","alloc","1142034408"
"289e8ceb79ae06547dcf6616176b229b1a0bf901","regression","time_rel","0.9741164758586363"
"289e8ceb79ae06547dcf6616176b229b1a0bf901","regression","alloc","1142036368"
"289e8ceb79ae06547dcf6616176b229b1a0bf901","regression","time_rel","0.9914163090128756"
"289e8ceb79ae06547dcf6616176b229b1a0bf901","regression","alloc","1142038192"
"289e8ceb79ae06547dcf6616176b229b1a0bf901","regression","time_rel","0.9829733163913595"
"289e8ceb79ae06547dcf6616176b229b1a0bf901","regression","alloc","1142034360"
"289e8ceb79ae06547dcf6616176b229b1a0bf901","regression","time_rel","0.9830637007077856"
"289e8ceb79ae06547dcf6616176b229b1a0bf901","regression","alloc","1142034440"
"289e8ceb79ae06547dcf6616176b229b1a0bf901","regression","time_rel","0.97725"
"289e8ceb79ae06547dcf6616176b229b1a0bf901","regression","alloc","1142030760"
"289e8ceb79ae06547dcf6616176b229b1a0bf901","regression","time_rel","0.9902231135622964"
"d0f3f9a24ff7815c4b46e9b61e85d84f81d2dfb2","kernelregression","alloc","1260586056"
"d0f3f9a24ff7815c4b46e9b61e85d84f81d2dfb2","kernelregression","time_rel","0.9810675182481752"
"d0f3f9a24ff7815c4b46e9b61e85d84f81d2dfb2","kernelregression","alloc","1260579424"
"d0f3f9a24ff7815c4b46e9b61e85d84f81d2dfb2","kernelregression","time_rel","0.9768234492160874"
"d0f3f9a24ff7815c4b46e9b61e85d84f81d2dfb2","kernelregression","alloc","1260570200"
"d0f3f9a24ff7815c4b46e9b61e85d84f81d2dfb2","kernelregression","time_rel","0.9847900113507377"
"d0f3f9a24ff7815c4b46e9b61e85d84f81d2dfb2","kernelregression","alloc","1260586560"
"d0f3f9a24ff7815c4b46e9b61e85d84f81d2dfb2","kernelregression","time_rel","0.9771802982376864"
"d0f3f9a24ff7815c4b46e9b61e85d84f81d2dfb2","kernelregression","alloc","1260588192"
"d0f3f9a24ff7815c4b46e9b61e85d84f81d2dfb2","kernelregression","time_rel","0.984580498866213"
"d0f3f9a24ff7815c4b46e9b61e85d84f81d2dfb2","kernelregression","alloc","1260586304"
"d0f3f9a24ff7815c4b46e9b61e85d84f81d2dfb2","kernelregression","time_rel","0.9851767388825543"
"d0f3f9a24ff7815c4b46e9b61e85d84f81d2dfb2","kernelregression","alloc","1260583872"
"d0f3f9a24ff7815c4b46e9b61e85d84f81d2dfb2","kernelregression","time_rel","0.9997712194005948"
"d0f3f9a24ff7815c4b46e9b61e85d84f81d2dfb2","kernelregression","alloc","1260586544"
"d0f3f9a24ff7815c4b46e9b61e85d84f81d2dfb2","kernelregression","time_rel","0.987243735763098"
"d0f3f9a24ff7815c4b46e9b61e85d84f81d2dfb2","kernelregression","alloc","1260589472"
"d0f3f9a24ff7815c4b46e9b61e85d84f81d2dfb2","kernelregression","time_rel","1.0009080590238364"
"d0f3f9a24ff7815c4b46e9b61e85d84f81d2dfb2","kernelregression","alloc","1260585640"
"d0f3f9a24ff7815c4b46e9b61e85d84f81d2dfb2","kernelregression","time_rel","0.9929895974672095"
"d0f3f9a24ff7815c4b46e9b61e85d84f81d2dfb2","psd","alloc","289398488"
"d0f3f9a24ff7815c4b46e9b61e85d84f81d2dfb2","psd","time_rel","0.9944954128440366"
"d0f3f9a24ff7815c4b46e9b61e85d84f81d2dfb2","psd","alloc","289405120"
"d0f3f9a24ff7815c4b46e9b61e85d84f81d2dfb2","psd","time_rel","0.98900595510765"
"d0f3f9a24ff7815c4b46e9b61e85d84f81d2dfb2","psd","alloc","289400056"
"d0f3f9a24ff7815c4b46e9b61e85d84f81d2dfb2","psd","time_rel","0.9963235294117647"
"d0f3f9a24ff7815c4b46e9b61e85d84f81d2dfb2","psd","alloc","289405736"
"d0f3f9a24ff7815c4b46e9b61e85d84f81d2dfb2","psd","time_rel","0.9759528130671504"
"d0f3f9a24ff7815c4b46e9b61e85d84f81d2dfb2","psd","alloc","289405592"
"d0f3f9a24ff7815c4b46e9b61e85d84f81d2dfb2","psd","time_rel","0.9939898289412853"
"d0f3f9a24ff7815c4b46e9b61e85d84f81d2dfb2","psd","alloc","289398384"
"d0f3f9a24ff7815c4b46e9b61e85d84f81d2dfb2","psd","time_rel","0.9935215178158259"
"d0f3f9a24ff7815c4b46e9b61e85d84f81d2dfb2","psd","alloc","289405336"
"d0f3f9a24ff7815c4b46e9b61e85d84f81d2dfb2","psd","time_rel","0.9885426214482127"
"d0f3f9a24ff7815c4b46e9b61e85d84f81d2dfb2","psd","alloc","289405656"
"d0f3f9a24ff7815c4b46e9b61e85d84f81d2dfb2","psd","time_rel","0.991705069124424"
"d0f3f9a24ff7815c4b46e9b61e85d84f81d2dfb2","psd","alloc","289405680"
"d0f3f9a24ff7815c4b46e9b61e85d84f81d2dfb2","psd","time_rel","0.9904675442578302"
"d0f3f9a24ff7815c4b46e9b61e85d84f81d2dfb2","psd","alloc","289403152"
"d0f3f9a24ff7815c4b46e9b61e85d84f81d2dfb2","psd","time_rel","0.9931350114416475"
"d0f3f9a24ff7815c4b46e9b61e85d84f81d2dfb2","fluidsim","alloc","1692817392"
"d0f3f9a24ff7815c4b46e9b61e85d84f81d2dfb2","fluidsim","time_rel","0.9748008878443661"
"d0f3f9a24ff7815c4b46e9b61e85d84f81d2dfb2","fluidsim","alloc","1692816928"
"d0f3f9a24ff7815c4b46e9b61e85d84f81d2dfb2","fluidsim","time_rel","1.002390438247012"
"d0f3f9a24ff7815c4b46e9b61e85d84f81d2dfb2","fluidsim","alloc","1692816936"
"d0f3f9a24ff7815c4b46e9b61e85d84f81d2dfb2","fluidsim","time_rel","0.985823050669467"
"d0f3f9a24ff7815c4b46e9b61e85d84f81d2dfb2","fluidsim","alloc","1692817248"
"d0f3f9a24ff7815c4b46e9b61e85d84f81d2dfb2","fluidsim","time_rel","1.0115667718191377"
"d0f3f9a24ff7815c4b46e9b61e85d84f81d2dfb2","fluidsim","alloc","1692811240"
"d0f3f9a24ff7815c4b46e9b61e85d84f81d2dfb2","fluidsim","time_rel","0.9610094637223975"
"d0f3f9a24ff7815c4b46e9b61e85d84f81d2dfb2","fluidsim","alloc","1692816968"
"d0f3f9a24ff7815c4b46e9b61e85d84f81d2dfb2","fluidsim","time_rel","0.9784670597282749"
"d0f3f9a24ff7815c4b46e9b61e85d84f81d2dfb2","fluidsim","alloc","1692816944"
"d0f3f9a24ff7815c4b46e9b61e85d84f81d2dfb2","fluidsim","time_rel","0.9767084719733811"
"d0f3f9a24ff7815c4b46e9b61e85d84f81d2dfb2","fluidsim","alloc","1692817576"
"d0f3f9a24ff7815c4b46e9b61e85d84f81d2dfb2","fluidsim","time_rel","0.9876006647066342"
"d0f3f9a24ff7815c4b46e9b61e85d84f81d2dfb2","fluidsim","alloc","1692816960"
"d0f3f9a24ff7815c4b46e9b61e85d84f81d2dfb2","fluidsim","time_rel","0.982613208771247"
"d0f3f9a24ff7815c4b46e9b61e85d84f81d2dfb2","fluidsim","alloc","1692817600"
"d0f3f9a24ff7815c4b46e9b61e85d84f81d2dfb2","fluidsim","time_rel","0.994884575026233"
"d0f3f9a24ff7815c4b46e9b61e85d84f81d2dfb2","regression","alloc","1139087944"
"d0f3f9a24ff7815c4b46e9b61e85d84f81d2dfb2","regression","time_rel","0.9888170974155069"
"d0f3f9a24ff7815c4b46e9b61e85d84f81d2dfb2","regression","alloc","1139081008"
"d0f3f9a24ff7815c4b46e9b61e85d84f81d2dfb2","regression","time_rel","1.0012481278082876"
"d0f3f9a24ff7815c4b46e9b61e85d84f81d2dfb2","regression","alloc","1139055264"
"d0f3f9a24ff7815c4b46e9b61e85d84f81d2dfb2","regression","time_rel","0.9907337841222139"
"d0f3f9a24ff7815c4b46e9b61e85d84f81d2dfb2","regression","alloc","1139081224"
"d0f3f9a24ff7815c4b46e9b61e85d84f81d2dfb2","regression","time_rel","0.9905940594059406"
"d0f3f9a24ff7815c4b46e9b61e85d84f81d2dfb2","regression","alloc","1139085240"
"d0f3f9a24ff7815c4b46e9b61e85d84f81d2dfb2","regression","time_rel","1.0017326732673266"
"d0f3f9a24ff7815c4b46e9b61e85d84f81d2dfb2","regression","alloc","1139088880"
"d0f3f9a24ff7815c4b46e9b61e85d84f81d2dfb2","regression","time_rel","0.975567190226876"
"d0f3f9a24ff7815c4b46e9b61e85d84f81d2dfb2","regression","alloc","1139095344"
"d0f3f9a24ff7815c4b46e9b61e85d84f81d2dfb2","regression","time_rel","0.994452849218356"
"d0f3f9a24ff7815c4b46e9b61e85d84f81d2dfb2","regression","alloc","1139088224"
"d0f3f9a24ff7815c4b46e9b61e85d84f81d2dfb2","regression","time_rel","0.9984813971146544"
"d0f3f9a24ff7815c4b46e9b61e85d84f81d2dfb2","regression","alloc","1139085296"
"d0f3f9a24ff7815c4b46e9b61e85d84f81d2dfb2","regression","time_rel","0.9826240241752707"
"d0f3f9a24ff7815c4b46e9b61e85d84f81d2dfb2","regression","alloc","1139088712"
"d0f3f9a24ff7815c4b46e9b61e85d84f81d2dfb2","regression","time_rel","0.9953857985132017"
"a41e6b4bf04535ac6e527dd12a9b825df7d5b63a","kernelregression","alloc","1260214816"
"a41e6b4bf04535ac6e527dd12a9b825df7d5b63a","kernelregression","time_rel","0.9848653460939237"
"a41e6b4bf04535ac6e527dd12a9b825df7d5b63a","kernelregression","alloc","1260215832"
"a41e6b4bf04535ac6e527dd12a9b825df7d5b63a","kernelregression","time_rel","0.9661464058034731"
"a41e6b4bf04535ac6e527dd12a9b825df7d5b63a","kernelregression","alloc","1260223472"
"a41e6b4bf04535ac6e527dd12a9b825df7d5b63a","kernelregression","time_rel","0.9881737548328404"
"a41e6b4bf04535ac6e527dd12a9b825df7d5b63a","kernelregression","alloc","1260217680"
"a41e6b4bf04535ac6e527dd12a9b825df7d5b63a","kernelregression","time_rel","0.9936406995230526"
"a41e6b4bf04535ac6e527dd12a9b825df7d5b63a","kernelregression","alloc","1260215408"
"a41e6b4bf04535ac6e527dd12a9b825df7d5b63a","kernelregression","time_rel","0.9886698391117155"
"a41e6b4bf04535ac6e527dd12a9b825df7d5b63a","kernelregression","alloc","1260219768"
"a41e6b4bf04535ac6e527dd12a9b825df7d5b63a","kernelregression","time_rel","0.9842896174863388"
"a41e6b4bf04535ac6e527dd12a9b825df7d5b63a","kernelregression","alloc","1260214272"
"a41e6b4bf04535ac6e527dd12a9b825df7d5b63a","kernelregression","time_rel","0.9880788629069234"
"a41e6b4bf04535ac6e527dd12a9b825df7d5b63a","kernelregression","alloc","1260222864"
"a41e6b4bf04535ac6e527dd12a9b825df7d5b63a","kernelregression","time_rel","0.9743243243243241"
"a41e6b4bf04535ac6e527dd12a9b825df7d5b63a","kernelregression","alloc","1260217408"
"a41e6b4bf04535ac6e527dd12a9b825df7d5b63a","kernelregression","time_rel","0.9872669395179627"
"a41e6b4bf04535ac6e527dd12a9b825df7d5b63a","kernelregression","alloc","1260217936"
"a41e6b4bf04535ac6e527dd12a9b825df7d5b63a","kernelregression","time_rel","0.9846188645102917"
"a41e6b4bf04535ac6e527dd12a9b825df7d5b63a","psd","alloc","289372360"
"a41e6b4bf04535ac6e527dd12a9b825df7d5b63a","psd","time_rel","0.9890310786106032"
"a41e6b4bf04535ac6e527dd12a9b825df7d5b63a","psd","alloc","289369960"
"a41e6b4bf04535ac6e527dd12a9b825df7d5b63a","psd","time_rel","0.9908256880733944"
"a41e6b4bf04535ac6e527dd12a9b825df7d5b63a","psd","alloc","289376456"
"a41e6b4bf04535ac6e527dd12a9b825df7d5b63a","psd","time_rel","0.995433789954338"
"a41e6b4bf04535ac6e527dd12a9b825df7d5b63a","psd","alloc","289370240"
"a41e6b4bf04535ac6e527dd12a9b825df7d5b63a","psd","time_rel","1.0036968576709797"
"a41e6b4bf04535ac6e527dd12a9b825df7d5b63a","psd","alloc","289368912"
"a41e6b4bf04535ac6e527dd12a9b825df7d5b63a","psd","time_rel","0.987313094698686"
"a41e6b4bf04535ac6e527dd12a9b825df7d5b63a","psd","alloc","289369216"
"a41e6b4bf04535ac6e527dd12a9b825df7d5b63a","psd","time_rel","0.9795454545454544"
"a41e6b4bf04535ac6e527dd12a9b825df7d5b63a","psd","alloc","289369352"
"a41e6b4bf04535ac6e527dd12a9b825df7d5b63a","psd","time_rel","0.9940882219190542"
"a41e6b4bf04535ac6e527dd12a9b825df7d5b63a","psd","alloc","289369480"
"a41e6b4bf04535ac6e527dd12a9b825df7d5b63a","psd","time_rel","0.9990762124711315"
"a41e6b4bf04535ac6e527dd12a9b825df7d5b63a","psd","alloc","289370376"
"a41e6b4bf04535ac6e527dd12a9b825df7d5b63a","psd","time_rel","1.0097538318625174"
"a41e6b4bf04535ac6e527dd12a9b825df7d5b63a","psd","alloc","289369368"
"a41e6b4bf04535ac6e527dd12a9b825df7d5b63a","psd","time_rel","0.9986232216613127"
"a41e6b4bf04535ac6e527dd12a9b825df7d5b63a","fluidsim","alloc","1689240688"
"a41e6b4bf04535ac6e527dd12a9b825df7d5b63a","fluidsim","time_rel","0.966398546964193"
"a41e6b4bf04535ac6e527dd12a9b825df7d5b63a","fluidsim","alloc","1689241864"
"a41e6b4bf04535ac6e527dd12a9b825df7d5b63a","fluidsim","time_rel","0.9795406546990497"
"a41e6b4bf04535ac6e527dd12a9b825df7d5b63a","fluidsim","alloc","1689240688"
"a41e6b4bf04535ac6e527dd12a9b825df7d5b63a","fluidsim","time_rel","1.0015917230401912"
"a41e6b4bf04535ac6e527dd12a9b825df7d5b63a","fluidsim","alloc","1689241608"
"a41e6b4bf04535ac6e527dd12a9b825df7d5b63a","fluidsim","time_rel","0.9783783783783784"
"a41e6b4bf04535ac6e527dd12a9b825df7d5b63a","fluidsim","alloc","1689242632"
"a41e6b4bf04535ac6e527dd12a9b825df7d5b63a","fluidsim","time_rel","0.9911691050481086"
"a41e6b4bf04535ac6e527dd12a9b825df7d5b63a","fluidsim","alloc","1689241400"
"a41e6b4bf04535ac6e527dd12a9b825df7d5b63a","fluidsim","time_rel","0.9750692520775623"
"a41e6b4bf04535ac6e527dd12a9b825df7d5b63a","fluidsim","alloc","1689243000"
"a41e6b4bf04535ac6e527dd12a9b825df7d5b63a","fluidsim","time_rel","0.9894025698768049"
"a41e6b4bf04535ac6e527dd12a9b825df7d5b63a","fluidsim","alloc","1689239384"
"a41e6b4bf04535ac6e527dd12a9b825df7d5b63a","fluidsim","time_rel","0.972108933035127"
"a41e6b4bf04535ac6e527dd12a9b825df7d5b63a","fluidsim","alloc","1689241928"
"a41e6b4bf04535ac6e527dd12a9b825df7d5b63a","fluidsim","time_rel","1.0047188360204484"
"a41e6b4bf04535ac6e527dd12a9b825df7d5b63a","fluidsim","alloc","1689241928"
"a41e6b4bf04535ac6e527dd12a9b825df7d5b63a","fluidsim","time_rel","0.9740871613663132"
"a41e6b4bf04535ac6e527dd12a9b825df7d5b63a","regression","alloc","1138813168"
"a41e6b4bf04535ac6e527dd12a9b825df7d5b63a","regression","time_rel","0.9897802759325498"
"a41e6b4bf04535ac6e527dd12a9b825df7d5b63a","regression","alloc","1138812608"
"a41e6b4bf04535ac6e527dd12a9b825df7d5b63a","regression","time_rel","0.9876200101061141"
"a41e6b4bf04535ac6e527dd12a9b825df7d5b63a","regression","alloc","1138810528"
"a41e6b4bf04535ac6e527dd12a9b825df7d5b63a","regression","time_rel","1.0035796471490668"
"a41e6b4bf04535ac6e527dd12a9b825df7d5b63a","regression","alloc","1138807920"
"a41e6b4bf04535ac6e527dd12a9b825df7d5b63a","regression","time_rel","0.994932860400304"
"a41e6b4bf04535ac6e527dd12a9b825df7d5b63a","regression","alloc","1138809704"
"a41e6b4bf04535ac6e527dd12a9b825df7d5b63a","regression","time_rel","0.978305257784584"
"a41e6b4bf04535ac6e527dd12a9b825df7d5b63a","regression","alloc","1138810128"
"a41e6b4bf04535ac6e527dd12a9b825df7d5b63a","regression","time_rel","1.013360739979445"
"a41e6b4bf04535ac6e527dd12a9b825df7d5b63a","regression","alloc","1138804032"
"a41e6b4bf04535ac6e527dd12a9b825df7d5b63a","regression","time_rel","0.9752587730371118"
"a41e6b4bf04535ac6e527dd12a9b825df7d5b63a","regression","alloc","1138806296"
"a41e6b4bf04535ac6e527dd12a9b825df7d5b63a","regression","time_rel","0.9852304558186912"
"a41e6b4bf04535ac6e527dd12a9b825df7d5b63a","regression","alloc","1138804656"
"a41e6b4bf04535ac6e527dd12a9b825df7d5b63a","regression","time_rel","0.9697424356089023"
"a41e6b4bf04535ac6e527dd12a9b825df7d5b63a","regression","alloc","1138807920"
"a41e6b4bf04535ac6e527dd12a9b825df7d5b63a","regression","time_rel","0.9869964303926567"
"11367a9d66cf217bbb69bdac86b8298b72e2d78a","kernelregression","alloc","1154658920"
"11367a9d66cf217bbb69bdac86b8298b72e2d78a","kernelregression","time_rel","0.9622383985441312"
"11367a9d66cf217bbb69bdac86b8298b72e2d78a","kernelregression","alloc","1154651296"
"11367a9d66cf217bbb69bdac86b8298b72e2d78a","kernelregression","time_rel","0.9710567646398924"
"11367a9d66cf217bbb69bdac86b8298b72e2d78a","kernelregression","alloc","1154646008"
"11367a9d66cf217bbb69bdac86b8298b72e2d78a","kernelregression","time_rel","0.9575315195753151"
"11367a9d66cf217bbb69bdac86b8298b72e2d78a","kernelregression","alloc","1154658792"
"11367a9d66cf217bbb69bdac86b8298b72e2d78a","kernelregression","time_rel","0.9677772906619903"
"11367a9d66cf217bbb69bdac86b8298b72e2d78a","kernelregression","alloc","1154658568"
"11367a9d66cf217bbb69bdac86b8298b72e2d78a","kernelregression","time_rel","0.9471218206157965"
"11367a9d66cf217bbb69bdac86b8298b72e2d78a","kernelregression","alloc","1154657520"
"11367a9d66cf217bbb69bdac86b8298b72e2d78a","kernelregression","time_rel","0.9544747945813902"
"11367a9d66cf217bbb69bdac86b8298b72e2d78a","kernelregression","alloc","1154648736"
"11367a9d66cf217bbb69bdac86b8298b72e2d78a","kernelregression","time_rel","0.946304201303078"
"11367a9d66cf217bbb69bdac86b8298b72e2d78a","kernelregression","alloc","1154647648"
"11367a9d66cf217bbb69bdac86b8298b72e2d78a","kernelregression","time_rel","0.9622555707139611"
"11367a9d66cf217bbb69bdac86b8298b72e2d78a","kernelregression","alloc","1154651440"
"11367a9d66cf217bbb69bdac86b8298b72e2d78a","kernelregression","time_rel","0.9557178726318193"
"11367a9d66cf217bbb69bdac86b8298b72e2d78a","kernelregression","alloc","1154640664"
"11367a9d66cf217bbb69bdac86b8298b72e2d78a","kernelregression","time_rel","0.9537624660018132"
"11367a9d66cf217bbb69bdac86b8298b72e2d78a","psd","alloc","271617392"
"11367a9d66cf217bbb69bdac86b8298b72e2d78a","psd","time_rel","0.9738621000450655"
"11367a9d66cf217bbb69bdac86b8298b72e2d78a","psd","alloc","271616992"
"11367a9d66cf217bbb69bdac86b8298b72e2d78a","psd","time_rel","0.981012658227848"
"11367a9d66cf217bbb69bdac86b8298b72e2d78a","psd","alloc","271619000"
"11367a9d66cf217bbb69bdac86b8298b72e2d78a","psd","time_rel","0.9625055138950155"
"11367a9d66cf217bbb69bdac86b8298b72e2d78a","psd","alloc","271613760"
"11367a9d66cf217bbb69bdac86b8298b72e2d78a","psd","time_rel","0.9913202375513933"
"11367a9d66cf217bbb69bdac86b8298b72e2d78a","psd","alloc","271617024"
"11367a9d66cf217bbb69bdac86b8298b72e2d78a","psd","time_rel","0.9849863512283895"
"11367a9d66cf217bbb69bdac86b8298b72e2d78a","psd","alloc","271618224"
"11367a9d66cf217bbb69bdac86b8298b72e2d78a","psd","time_rel","0.9758652094717667"
"11367a9d66cf217bbb69bdac86b8298b72e2d78a","psd","alloc","271617136"
"11367a9d66cf217bbb69bdac86b8298b72e2d78a","psd","time_rel","0.9871677360219981"
"11367a9d66cf217bbb69bdac86b8298b72e2d78a","psd","alloc","271619952"
"11367a9d66cf217bbb69bdac86b8298b72e2d78a","psd","time_rel","0.9845874886672712"
"11367a9d66cf217bbb69bdac86b8298b72e2d78a","psd","alloc","271617136"
"11367a9d66cf217bbb69bdac86b8298b72e2d78a","psd","time_rel","0.9841772151898733"
"11367a9d66cf217bbb69bdac86b8298b72e2d78a","psd","alloc","271615200"
"11367a9d66cf217bbb69bdac86b8298b72e2d78a","psd","time_rel","0.9817767653758542"
"11367a9d66cf217bbb69bdac86b8298b72e2d78a","fluidsim","alloc","1491666456"
"11367a9d66cf217bbb69bdac86b8298b72e2d78a","fluidsim","time_rel","0.9491654987896547"
"11367a9d66cf217bbb69bdac86b8298b72e2d78a","fluidsim","alloc","1491663744"
"11367a9d66cf217bbb69bdac86b8298b72e2d78a","fluidsim","time_rel","0.967430953621678"
"11367a9d66cf217bbb69bdac86b8298b72e2d78a","fluidsim","alloc","1491656728"
"11367a9d66cf217bbb69bdac86b8298b72e2d78a","fluidsim","time_rel","0.9515349444807315"
"11367a9d66cf217bbb69bdac86b8298b72e2d78a","fluidsim","alloc","1491666560"
"11367a9d66cf217bbb69bdac86b8298b72e2d78a","fluidsim","time_rel","0.9687623047644048"
"11367a9d66cf217bbb69bdac86b8298b72e2d78a","fluidsim","alloc","1491656800"
"11367a9d66cf217bbb69bdac86b8298b72e2d78a","fluidsim","time_rel","0.9629629629629629"
"11367a9d66cf217bbb69bdac86b8298b72e2d78a","fluidsim","alloc","1491656304"
"11367a9d66cf217bbb69bdac86b8298b72e2d78a","fluidsim","time_rel","0.9662496742246547"
"11367a9d66cf217bbb69bdac86b8298b72e2d78a","fluidsim","alloc","1491665760"
"11367a9d66cf217bbb69bdac86b8298b72e2d78a","fluidsim","time_rel","0.9594963001428015"
"11367a9d66cf217bbb69bdac86b8298b72e2d78a","fluidsim","alloc","1491662168"
"11367a9d66cf217bbb69bdac86b8298b72e2d78a","fluidsim","time_rel","0.9653725078698847"
"11367a9d66cf217bbb69bdac86b8298b72e2d78a","fluidsim","alloc","1491656912"
"11367a9d66cf217bbb69bdac86b8298b72e2d78a","fluidsim","time_rel","0.9530174695606141"
"11367a9d66cf217bbb69bdac86b8298b72e2d78a","fluidsim","alloc","1491656456"
"11367a9d66cf217bbb69bdac86b8298b72e2d78a","fluidsim","time_rel","0.9699738903394255"
"11367a9d66cf217bbb69bdac86b8298b72e2d78a","regression","alloc","1035031952"
"11367a9d66cf217bbb69bdac86b8298b72e2d78a","regression","time_rel","0.968837803320562"
"11367a9d66cf217bbb69bdac86b8298b72e2d78a","regression","alloc","1035030080"
"11367a9d66cf217bbb69bdac86b8298b72e2d78a","regression","time_rel","0.9717876378558605"
"11367a9d66cf217bbb69bdac86b8298b72e2d78a","regression","alloc","1035029840"
"11367a9d66cf217bbb69bdac86b8298b72e2d78a","regression","time_rel","0.9582278481012658"
"11367a9d66cf217bbb69bdac86b8298b72e2d78a","regression","alloc","1035030104"
"11367a9d66cf217bbb69bdac86b8298b72e2d78a","regression","time_rel","0.9663461538461539"
"11367a9d66cf217bbb69bdac86b8298b72e2d78a","regression","alloc","1035030936"
"11367a9d66cf217bbb69bdac86b8298b72e2d78a","regression","time_rel","0.9417549167927382"
"11367a9d66cf217bbb69bdac86b8298b72e2d78a","regression","alloc","1035029952"
"11367a9d66cf217bbb69bdac86b8298b72e2d78a","regression","time_rel","0.8751922091235264"
"11367a9d66cf217bbb69bdac86b8298b72e2d78a","regression","alloc","1035032080"
"11367a9d66cf217bbb69bdac86b8298b72e2d78a","regression","time_rel","0.9579510703363914"
"11367a9d66cf217bbb69bdac86b8298b72e2d78a","regression","alloc","1035031680"
"11367a9d66cf217bbb69bdac86b8298b72e2d78a","regression","time_rel","0.9626828038325769"
"11367a9d66cf217bbb69bdac86b8298b72e2d78a","regression","alloc","1035029712"
"11367a9d66cf217bbb69bdac86b8298b72e2d78a","regression","time_rel","0.9497275879148093"
"11367a9d66cf217bbb69bdac86b8298b72e2d78a","regression","alloc","1035029864"
"11367a9d66cf217bbb69bdac86b8298b72e2d78a","regression","time_rel","0.957278076234331"
"8db43fcd91345ef528463c289e471f0fccda0892","kernelregression","alloc","1143440936"
"8db43fcd91345ef528463c289e471f0fccda0892","kernelregression","time_rel","0.958106884057971"
"8db43fcd91345ef528463c289e471f0fccda0892","kernelregression","alloc","1143442456"
"8db43fcd91345ef528463c289e471f0fccda0892","kernelregression","time_rel","0.9780939476061429"
"8db43fcd91345ef528463c289e471f0fccda0892","kernelregression","alloc","1143443984"
"8db43fcd91345ef528463c289e471f0fccda0892","kernelregression","time_rel","0.956886771046063"
"8db43fcd91345ef528463c289e471f0fccda0892","kernelregression","alloc","1143444240"
"8db43fcd91345ef528463c289e471f0fccda0892","kernelregression","time_rel","0.985310734463277"
"8db43fcd91345ef528463c289e471f0fccda0892","kernelregression","alloc","1143439360"
"8db43fcd91345ef528463c289e471f0fccda0892","kernelregression","time_rel","0.9652491998171012"
"8db43fcd91345ef528463c289e471f0fccda0892","kernelregression","alloc","1143438096"
"8db43fcd91345ef528463c289e471f0fccda0892","kernelregression","time_rel","0.9234972677595628"
"8db43fcd91345ef528463c289e471f0fccda0892","kernelregression","alloc","1143441560"
"8db43fcd91345ef528463c289e471f0fccda0892","kernelregression","time_rel","0.9560018050541516"
"8db43fcd91345ef528463c289e471f0fccda0892","kernelregression","alloc","1143445600"
"8db43fcd91345ef528463c289e471f0fccda0892","kernelregression","time_rel","0.9500337609723161"
"8db43fcd91345ef528463c289e471f0fccda0892","kernelregression","alloc","1143442408"
"8db43fcd91345ef528463c289e471f0fccda0892","kernelregression","time_rel","0.9450821516993023"
"8db43fcd91345ef528463c289e471f0fccda0892","kernelregression","alloc","1143446112"
"8db43fcd91345ef528463c289e471f0fccda0892","kernelregression","time_rel","0.9741181859825928"
"8db43fcd91345ef528463c289e471f0fccda0892","psd","alloc","268985256"
"8db43fcd91345ef528463c289e471f0fccda0892","psd","time_rel","0.9800931808555696"
"8db43fcd91345ef528463c289e471f0fccda0892","psd","alloc","268985312"
"8db43fcd91345ef528463c289e471f0fccda0892","psd","time_rel","1.0090673575129536"
"8db43fcd91345ef528463c289e471f0fccda0892","psd","alloc","268985344"
"8db43fcd91345ef528463c289e471f0fccda0892","psd","time_rel","0.9627592044011849"
"8db43fcd91345ef528463c289e471f0fccda0892","psd","alloc","268985256"
"8db43fcd91345ef528463c289e471f0fccda0892","psd","time_rel","0.9646958740961292"
"8db43fcd91345ef528463c289e471f0fccda0892","psd","alloc","268985384"
"8db43fcd91345ef528463c289e471f0fccda0892","psd","time_rel","1.017664799655321"
"8db43fcd91345ef528463c289e471f0fccda0892","psd","alloc","268985336"
"8db43fcd91345ef528463c289e471f0fccda0892","psd","time_rel","0.9760201935212452"
"8db43fcd91345ef528463c289e471f0fccda0892","psd","alloc","268985376"
"8db43fcd91345ef528463c289e471f0fccda0892","psd","time_rel","0.994367417677643"
"8db43fcd91345ef528463c289e471f0fccda0892","psd","alloc","268985344"
"8db43fcd91345ef528463c289e471f0fccda0892","psd","time_rel","0.9804088586030665"
"8db43fcd91345ef528463c289e471f0fccda0892","psd","alloc","268985288"
"8db43fcd91345ef528463c289e471f0fccda0892","psd","time_rel","1.0159689253344841"
"8db43fcd91345ef528463c289e471f0fccda0892","psd","alloc","268985296"
"8db43fcd91345ef528463c289e471f0fccda0892","psd","time_rel","0.9758333333333334"
"8db43fcd91345ef528463c289e471f0fccda0892","fluidsim","alloc","1482142504"
"8db43fcd91345ef528463c289e471f0fccda0892","fluidsim","time_rel","0.9534792294587865"
"8db43fcd91345ef528463c289e471f0fccda0892","fluidsim","alloc","1482132976"
"8db43fcd91345ef528463c289e471f0fccda0892","fluidsim","time_rel","0.9575533878196678"
"8db43fcd91345ef528463c289e471f0fccda0892","fluidsim","alloc","1482142832"
"8db43fcd91345ef528463c289e471f0fccda0892","fluidsim","time_rel","0.9919914575547251"
"8db43fcd91345ef528463c289e471f0fccda0892","fluidsim","alloc","1482142568"
"8db43fcd91345ef528463c289e471f0fccda0892","fluidsim","time_rel","0.9777952962816976"
"8db43fcd91345ef528463c289e471f0fccda0892","fluidsim","alloc","1482157760"
"8db43fcd91345ef528463c289e471f0fccda0892","fluidsim","time_rel","0.9628238341968912"
"8db43fcd91345ef528463c289e471f0fccda0892","fluidsim","alloc","1482144120"
"8db43fcd91345ef528463c289e471f0fccda0892","fluidsim","time_rel","0.9513825186738304"
"8db43fcd91345ef528463c289e471f0fccda0892","fluidsim","alloc","1482143736"
"8db43fcd91345ef528463c289e471f0fccda0892","fluidsim","time_rel","0.9854823808895341"
"8db43fcd91345ef528463c289e471f0fccda0892","fluidsim","alloc","1482144456"
"8db43fcd91345ef528463c289e471f0fccda0892","fluidsim","time_rel","0.9755775577557755"
"8db43fcd91345ef528463c289e471f0fccda0892","fluidsim","alloc","1482141776"
"8db43fcd91345ef528463c289e471f0fccda0892","fluidsim","time_rel","0.9464126984126985"
"8db43fcd91345ef528463c289e471f0fccda0892","fluidsim","alloc","1482142616"
"8db43fcd91345ef528463c289e471f0fccda0892","fluidsim","time_rel","1.0202544793560113"
"8db43fcd91345ef528463c289e471f0fccda0892","regression","alloc","1021920344"
"8db43fcd91345ef528463c289e471f0fccda0892","regression","time_rel","0.9404945904173105"
"8db43fcd91345ef528463c289e471f0fccda0892","regression","alloc","1021927296"
"8db43fcd91345ef528463c289e471f0fccda0892","regression","time_rel","0.9788639365918097"
"8db43fcd91345ef528463c289e471f0fccda0892","regression","alloc","1021929792"
"8db43fcd91345ef528463c289e471f0fccda0892","regression","time_rel","0.9441138421733505"
"8db43fcd91345ef528463c289e471f0fccda0892","regression","alloc","1021927992"
"8db43fcd91345ef528463c289e471f0fccda0892","regression","time_rel","1.0103570455164894"
"8db43fcd91345ef528463c289e471f0fccda0892","regression","alloc","1021931504"
"8db43fcd91345ef528463c289e471f0fccda0892","regression","time_rel","0.9744119927629878"
"8db43fcd91345ef528463c289e471f0fccda0892","regression","alloc","1021926200"
"8db43fcd91345ef528463c289e471f0fccda0892","regression","time_rel","0.9366958311888832"
"8db43fcd91345ef528463c289e471f0fccda0892","regression","alloc","1021924336"
"8db43fcd91345ef528463c289e471f0fccda0892","regression","time_rel","0.9497693490517682"
"8db43fcd91345ef528463c289e471f0fccda0892","regression","alloc","1021925088"
"8db43fcd91345ef528463c289e471f0fccda0892","regression","time_rel","0.9694516971279373"
"8db43fcd91345ef528463c289e471f0fccda0892","regression","alloc","1021920824"
"8db43fcd91345ef528463c289e471f0fccda0892","regression","time_rel","0.954639175257732"
"8db43fcd91345ef528463c289e471f0fccda0892","regression","alloc","1021926912"
"8db43fcd91345ef528463c289e471f0fccda0892","regression","time_rel","0.986070959264126"
"9e62c543f2daabd603688b9e082512e360906eab","kernelregression","alloc","1148006168"
"9e62c543f2daabd603688b9e082512e360906eab","kernelregression","time_rel","0.9273663139834144"
"9e62c543f2daabd603688b9e082512e360906eab","kernelregression","alloc","1148008776"
"9e62c543f2daabd603688b9e082512e360906eab","kernelregression","time_rel","1.015767131594906"
"9e62c543f2daabd603688b9e082512e360906eab","kernelregression","alloc","1148009096"
"9e62c543f2daabd603688b9e082512e360906eab","kernelregression","time_rel","0.9612769731007981"
"9e62c543f2daabd603688b9e082512e360906eab","kernelregression","alloc","1148002160"
"9e62c543f2daabd603688b9e082512e360906eab","kernelregression","time_rel","0.9036879808967896"
"9e62c543f2daabd603688b9e082512e360906eab","kernelregression","alloc","1148012000"
"9e62c543f2daabd603688b9e082512e360906eab","kernelregression","time_rel","1.0008907363420427"
"9e62c543f2daabd603688b9e082512e360906eab","kernelregression","alloc","1148006976"
"9e62c543f2daabd603688b9e082512e360906eab","kernelregression","time_rel","0.9541702248790208"
"9e62c543f2daabd603688b9e082512e360906eab","kernelregression","alloc","1148011064"
"9e62c543f2daabd603688b9e082512e360906eab","kernelregression","time_rel","0.9782293178519594"
"9e62c543f2daabd603688b9e082512e360906eab","kernelregression","alloc","1148002096"
"9e62c543f2daabd603688b9e082512e360906eab","kernelregression","time_rel","0.9834486909419199"
"9e62c543f2daabd603688b9e082512e360906eab","kernelregression","alloc","1148008264"
"9e62c543f2daabd603688b9e082512e360906eab","kernelregression","time_rel","0.9599766286882851"
"9e62c543f2daabd603688b9e082512e360906eab","kernelregression","alloc","1148006640"
"9e62c543f2daabd603688b9e082512e360906eab","kernelregression","time_rel","0.9919881305637982"
"9e62c543f2daabd603688b9e082512e360906eab","psd","alloc","271682184"
"9e62c543f2daabd603688b9e082512e360906eab","psd","time_rel","1.0185406698564594"
"9e62c543f2daabd603688b9e082512e360906eab","psd","alloc","271686024"
"9e62c543f2daabd603688b9e082512e360906eab","psd","time_rel","0.9292081803880441"
"9e62c543f2daabd603688b9e082512e360906eab","psd","alloc","271682872"
"9e62c543f2daabd603688b9e082512e360906eab","psd","time_rel","1.0263010632344713"
"9e62c543f2daabd603688b9e082512e360906eab","psd","alloc","271682376"
"9e62c543f2daabd603688b9e082512e360906eab","psd","time_rel","0.9481921208850512"
"9e62c543f2daabd603688b9e082512e360906eab","psd","alloc","271687080"
"9e62c543f2daabd603688b9e082512e360906eab","psd","time_rel","1.6014176663031623"
"9e62c543f2daabd603688b9e082512e360906eab","psd","alloc","271686376"
"9e62c543f2daabd603688b9e082512e360906eab","psd","time_rel","1.0414746543778801"
"9e62c543f2daabd603688b9e082512e360906eab","psd","alloc","271682088"
"9e62c543f2daabd603688b9e082512e360906eab","psd","time_rel","0.876068376068376"
"9e62c543f2daabd603688b9e082512e360906eab","psd","alloc","271685312"
"9e62c543f2daabd603688b9e082512e360906eab","psd","time_rel","0.9768133174791915"
"9e62c543f2daabd603688b9e082512e360906eab","psd","alloc","271688376"
"9e62c543f2daabd603688b9e082512e360906eab","psd","time_rel","1.0814558058925476"
"9e62c543f2daabd603688b9e082512e360906eab","psd","alloc","271688376"
"9e62c543f2daabd603688b9e082512e360906eab","psd","time_rel","0.9691558441558441"
"9e62c543f2daabd603688b9e082512e360906eab","fluidsim","alloc","1486965000"
"9e62c543f2daabd603688b9e082512e360906eab","fluidsim","time_rel","0.9517851184517852"
"9e62c543f2daabd603688b9e082512e360906eab","fluidsim","alloc","1486962856"
"9e62c543f2daabd603688b9e082512e360906eab","fluidsim","time_rel","0.9396072013093288"
"9e62c543f2daabd603688b9e082512e360906eab","fluidsim","alloc","1486963496"
"9e62c543f2daabd603688b9e082512e360906eab","fluidsim","time_rel","0.9471812199893295"
"9e62c543f2daabd603688b9e082512e360906eab","fluidsim","alloc","1486963984"
"9e62c543f2daabd603688b9e082512e360906eab","fluidsim","time_rel","0.9602348993288591"
"9e62c543f2daabd603688b9e082512e360906eab","fluidsim","alloc","1486964848"
"9e62c543f2daabd603688b9e082512e360906eab","fluidsim","time_rel","0.9558528428093646"
"9e62c543f2daabd603688b9e082512e360906eab","fluidsim","alloc","1486962928"
"9e62c543f2daabd603688b9e082512e360906eab","fluidsim","time_rel","0.9276228419654715"
"9e62c543f2daabd603688b9e082512e360906eab","fluidsim","alloc","1486960768"
"9e62c543f2daabd603688b9e082512e360906eab","fluidsim","time_rel","0.992895805142084"
"9e62c543f2daabd603688b9e082512e360906eab","fluidsim","alloc","1486963312"
"9e62c543f2daabd603688b9e082512e360906eab","fluidsim","time_rel","0.7933314962799669"
"9e62c543f2daabd603688b9e082512e360906eab","fluidsim","alloc","1486964824"
"9e62c543f2daabd603688b9e082512e360906eab","fluidsim","time_rel","1.0017768301350392"
"9e62c543f2daabd603688b9e082512e360906eab","fluidsim","alloc","1486962544"
"9e62c543f2daabd603688b9e082512e360906eab","fluidsim","time_rel","0.9649359406608227"
"9e62c543f2daabd603688b9e082512e360906eab","regression","alloc","1025820928"
"9e62c543f2daabd603688b9e082512e360906eab","regression","time_rel","1.0055517002081888"
"9e62c543f2daabd603688b9e082512e360906eab","regression","alloc","1025823576"
"9e62c543f2daabd603688b9e082512e360906eab","regression","time_rel","0.9374189364461738"
"9e62c543f2daabd603688b9e082512e360906eab","regression","alloc","1025822544"
"9e62c543f2daabd603688b9e082512e360906eab","regression","time_rel","0.9054937867887509"
"9e62c543f2daabd603688b9e082512e360906eab","regression","alloc","1025819680"
"9e62c543f2daabd603688b9e082512e360906eab","regression","time_rel","0.9188019966722131"
"9e62c543f2daabd603688b9e082512e360906eab","regression","alloc","1025822808"
"9e62c543f2daabd603688b9e082512e360906eab","regression","time_rel","0.9852842809364548"
"9e62c543f2daabd603688b9e082512e360906eab","regression","alloc","1025824720"
"9e62c543f2daabd603688b9e082512e360906eab","regression","time_rel","1.0136565380676"
"9e62c543f2daabd603688b9e082512e360906eab","regression","alloc","1025821928"
"9e62c543f2daabd603688b9e082512e360906eab","regression","time_rel","1.1026967122275582"
"9e62c543f2daabd603688b9e082512e360906eab","regression","alloc","1025822688"
"9e62c543f2daabd603688b9e082512e360906eab","regression","time_rel","0.9572230014025246"
"9e62c543f2daabd603688b9e082512e360906eab","regression","alloc","1025821872"
"9e62c543f2daabd603688b9e082512e360906eab","regression","time_rel","0.9372655983634505"
"9e62c543f2daabd603688b9e082512e360906eab","regression","alloc","1025819256"
"9e62c543f2daabd603688b9e082512e360906eab","regression","time_rel","1.0120268836222144"
"0a33b30aeeb05e85e2cfb3d3d2e405350150dc4b","kernelregression","alloc","1148004248"
"0a33b30aeeb05e85e2cfb3d3d2e405350150dc4b","kernelregression","time_rel","0.9721342621912603"
"0a33b30aeeb05e85e2cfb3d3d2e405350150dc4b","kernelregression","alloc","1148002856"
"0a33b30aeeb05e85e2cfb3d3d2e405350150dc4b","kernelregression","time_rel","0.9328467153284672"
"0a33b30aeeb05e85e2cfb3d3d2e405350150dc4b","kernelregression","alloc","1148015368"
"0a33b30aeeb05e85e2cfb3d3d2e405350150dc4b","kernelregression","time_rel","0.9813432835820896"
"0a33b30aeeb05e85e2cfb3d3d2e405350150dc4b","kernelregression","alloc","1148005712"
"0a33b30aeeb05e85e2cfb3d3d2e405350150dc4b","kernelregression","time_rel","0.9716463414634147"
"0a33b30aeeb05e85e2cfb3d3d2e405350150dc4b","kernelregression","alloc","1148005320"
"0a33b30aeeb05e85e2cfb3d3d2e405350150dc4b","kernelregression","time_rel","0.9575325480471172"
"0a33b30aeeb05e85e2cfb3d3d2e405350150dc4b","kernelregression","alloc","1148012776"
"0a33b30aeeb05e85e2cfb3d3d2e405350150dc4b","kernelregression","time_rel","0.9356014580801945"
"0a33b30aeeb05e85e2cfb3d3d2e405350150dc4b","kernelregression","alloc","1148005152"
"0a33b30aeeb05e85e2cfb3d3d2e405350150dc4b","kernelregression","time_rel","0.9501833740831296"
"0a33b30aeeb05e85e2cfb3d3d2e405350150dc4b","kernelregression","alloc","1148014168"
"0a33b30aeeb05e85e2cfb3d3d2e405350150dc4b","kernelregression","time_rel","0.9959209287731409"
"0a33b30aeeb05e85e2cfb3d3d2e405350150dc4b","kernelregression","alloc","1148007568"
"0a33b30aeeb05e85e2cfb3d3d2e405350150dc4b","kernelregression","time_rel","0.9682689286836318"
"0a33b30aeeb05e85e2cfb3d3d2e405350150dc4b","kernelregression","alloc","1148003664"
"0a33b30aeeb05e85e2cfb3d3d2e405350150dc4b","kernelregression","time_rel","0.9350954478707784"
"0a33b30aeeb05e85e2cfb3d3d2e405350150dc4b","psd","alloc","271680824"
"0a33b30aeeb05e85e2cfb3d3d2e405350150dc4b","psd","time_rel","0.9708853238265002"
"0a33b30aeeb05e85e2cfb3d3d2e405350150dc4b","psd","alloc","271676784"
"0a33b30aeeb05e85e2cfb3d3d2e405350150dc4b","psd","time_rel","1.0034324942791761"
"0a33b30aeeb05e85e2cfb3d3d2e405350150dc4b","psd","alloc","271679792"
"0a33b30aeeb05e85e2cfb3d3d2e405350150dc4b","psd","time_rel","1.0367913148371533"
"0a33b30aeeb05e85e2cfb3d3d2e405350150dc4b","psd","alloc","271681744"
"0a33b30aeeb05e85e2cfb3d3d2e405350150dc4b","psd","time_rel","0.9430803571428571"
"0a33b30aeeb05e85e2cfb3d3d2e405350150dc4b","psd","alloc","271685008"
"0a33b30aeeb05e85e2cfb3d3d2e405350150dc4b","psd","time_rel","0.9502026635784597"
"0a33b30aeeb05e85e2cfb3d3d2e405350150dc4b","psd","alloc","271684160"
"0a33b30aeeb05e85e2cfb3d3d2e405350150dc4b","psd","time_rel","0.9793388429752067"
"0a33b30aeeb05e85e2cfb3d3d2e405350150dc4b","psd","alloc","271679408"
"0a33b30aeeb05e85e2cfb3d3d2e405350150dc4b","psd","time_rel","1.0189437428243397"
"0a33b30aeeb05e85e2cfb3d3d2e405350150dc4b","psd","alloc","271680784"
"0a33b30aeeb05e85e2cfb3d3d2e405350150dc4b","psd","time_rel","1.0178571428571428"
"0a33b30aeeb05e85e2cfb3d3d2e405350150dc4b","psd","alloc","271683096"
"0a33b30aeeb05e85e2cfb3d3d2e405350150dc4b","psd","time_rel","0.963926670609107"
"0a33b30aeeb05e85e2cfb3d3d2e405350150dc4b","psd","alloc","271677616"
"0a33b30aeeb05e85e2cfb3d3d2e405350150dc4b","psd","time_rel","1.0644776119402983"
"0a33b30aeeb05e85e2cfb3d3d2e405350150dc4b","fluidsim","alloc","1486963216"
"0a33b30aeeb05e85e2cfb3d3d2e405350150dc4b","fluidsim","time_rel","0.9657225329244091"
"0a33b30aeeb05e85e2cfb3d3d2e405350150dc4b","fluidsim","alloc","1486957584"
"0a33b30aeeb05e85e2cfb3d3d2e405350150dc4b","fluidsim","time_rel","0.9761098234979496"
"0a33b30aeeb05e85e2cfb3d3d2e405350150dc4b","fluidsim","alloc","1486963608"
"0a33b30aeeb05e85e2cfb3d3d2e405350150dc4b","fluidsim","time_rel","0.983804947499555"
"0a33b30aeeb05e85e2cfb3d3d2e405350150dc4b","fluidsim","alloc","1486963176"
"0a33b30aeeb05e85e2cfb3d3d2e405350150dc4b","fluidsim","time_rel","1.0014625228519196"
"0a33b30aeeb05e85e2cfb3d3d2e405350150dc4b","fluidsim","alloc","1486962960"
"0a33b30aeeb05e85e2cfb3d3d2e405350150dc4b","fluidsim","time_rel","0.9492086860507913"
"0a33b30aeeb05e85e2cfb3d3d2e405350150dc4b","fluidsim","alloc","1486964744"
"0a33b30aeeb05e85e2cfb3d3d2e405350150dc4b","fluidsim","time_rel","0.9978090195362423"
"0a33b30aeeb05e85e2cfb3d3d2e405350150dc4b","fluidsim","alloc","1486963208"
"0a33b30aeeb05e85e2cfb3d3d2e405350150dc4b","fluidsim","time_rel","0.9502470007057163"
"0a33b30aeeb05e85e2cfb3d3d2e405350150dc4b","fluidsim","alloc","1486963648"
"0a33b30aeeb05e85e2cfb3d3d2e405350150dc4b","fluidsim","time_rel","0.9578910736036192"
"0a33b30aeeb05e85e2cfb3d3d2e405350150dc4b","fluidsim","alloc","1486963288"
"0a33b30aeeb05e85e2cfb3d3d2e405350150dc4b","fluidsim","time_rel","0.8934137757667171"
"0a33b30aeeb05e85e2cfb3d3d2e405350150dc4b","fluidsim","alloc","1486964896"
"0a33b30aeeb05e85e2cfb3d3d2e405350150dc4b","fluidsim","time_rel","0.9831590143591562"
"0a33b30aeeb05e85e2cfb3d3d2e405350150dc4b","regression","alloc","1025821824"
"0a33b30aeeb05e85e2cfb3d3d2e405350150dc4b","regression","time_rel","0.9278975741239892"
"0a33b30aeeb05e85e2cfb3d3d2e405350150dc4b","regression","alloc","1025821792"
"0a33b30aeeb05e85e2cfb3d3d2e405350150dc4b","regression","time_rel","0.9824137931034483"
"0a33b30aeeb05e85e2cfb3d3d2e405350150dc4b","regression","alloc","1025820352"
"0a33b30aeeb05e85e2cfb3d3d2e405350150dc4b","regression","time_rel","0.8876216034887622"
"0a33b30aeeb05e85e2cfb3d3d2e405350150dc4b","regression","alloc","1025826008"
"0a33b30aeeb05e85e2cfb3d3d2e405350150dc4b","regression","time_rel","1.0058823529411764"
"0a33b30aeeb05e85e2cfb3d3d2e405350150dc4b","regression","alloc","1025824856"
"0a33b30aeeb05e85e2cfb3d3d2e405350150dc4b","regression","time_rel","0.9957894736842106"
"0a33b30aeeb05e85e2cfb3d3d2e405350150dc4b","regression","alloc","1025818616"
"0a33b30aeeb05e85e2cfb3d3d2e405350150dc4b","regression","time_rel","1.0049839800640796"
"0a33b30aeeb05e85e2cfb3d3d2e405350150dc4b","regression","alloc","1025817744"
"0a33b30aeeb05e85e2cfb3d3d2e405350150dc4b","regression","time_rel","1.0366207396664249"
"0a33b30aeeb05e85e2cfb3d3d2e405350150dc4b","regression","alloc","1025822856"
"0a33b30aeeb05e85e2cfb3d3d2e405350150dc4b","regression","time_rel","0.9302325581395349"
"0a33b30aeeb05e85e2cfb3d3d2e405350150dc4b","regression","alloc","1025823544"
"0a33b30aeeb05e85e2cfb3d3d2e405350150dc4b","regression","time_rel","1.0188884852887758"
"0a33b30aeeb05e85e2cfb3d3d2e405350150dc4b","regression","alloc","1025822000"
"0a33b30aeeb05e85e2cfb3d3d2e405350150dc4b","regression","time_rel","0.9285001662786829"
